marketing_airline,marketing_airline_name,market,total_orders,void_orders,free_cancel_24h_orders,void_or_24h_orders
AA,AMERICAN AIRLINES,,31,0,0,0
AA,AMERICAN AIRLINES,AE,120,94,18,112
AA,AMERICAN AIRLINES,AR,1,1,0,1
AA,AMERICAN AIRLINES,AT,6,2,2,4
AA,AMERICAN AIRLINES,AU,1000,680,234,914
AA,AMERICAN AIRLINES,AZ,13,10,3,13
AA,AMERICAN AIRLINES,BE,11,7,4,11
AA,AMERICAN AIRLINES,BH,2,0,2,2
AA,AMERICAN AIRLINES,BR,190,132,39,171
AA,AMERICAN AIRLINES,BY,2,0,2,2
AA,AMERICAN AIRLINES,CA,661,530,86,616
AA,AMERICAN AIRLINES,CH,17,14,2,16
AA,AMERICAN AIRLINES,CN,67,44,16,60
AA,AMERICAN AIRLINES,CO,5,3,2,5
AA,AMERICAN AIRLINES,CZ,2,1,1,2
AA,AMERICAN AIRLINES,DE,327,216,84,300
AA,AMERICAN AIRLINES,ES,1487,1227,156,1383
AA,AMERICAN AIRLINES,FI,1,1,0,1
AA,AMERICAN AIRLINES,FR,657,502,114,616
AA,AMERICAN AIRLINES,GB,4488,3204,1003,4207
AA,AMERICAN AIRLINES,GR,1,0,0,0
AA,AMERICAN AIRLINES,HK,2947,2167,471,2638
AA,AMERICAN AIRLINES,ID,221,143,63,206
AA,AMERICAN AIRLINES,IE,17,12,2,14
AA,AMERICAN AIRLINES,IL,1,1,0,1
AA,AMERICAN AIRLINES,IN,238,213,14,227
AA,AMERICAN AIRLINES,IT,236,171,46,217
AA,AMERICAN AIRLINES,JP,4800,3593,830,4423
AA,AMERICAN AIRLINES,KR,1871,1260,496,1756
AA,AMERICAN AIRLINES,KW,2,2,0,2
AA,AMERICAN AIRLINES,KZ,45,19,22,41
AA,AMERICAN AIRLINES,MX,132,103,18,121
AA,AMERICAN AIRLINES,MY,238,170,47,217
AA,AMERICAN AIRLINES,NL,121,92,21,113
AA,AMERICAN AIRLINES,NZ,33,24,5,29
AA,AMERICAN AIRLINES,PH,295,209,42,251
AA,AMERICAN AIRLINES,PK,28,19,6,25
AA,AMERICAN AIRLINES,PL,23,13,8,21
AA,AMERICAN AIRLINES,PT,8,4,3,7
AA,AMERICAN AIRLINES,QA,16,9,3,12
AA,AMERICAN AIRLINES,RU,918,729,136,865
AA,AMERICAN AIRLINES,SA,147,119,17,136
AA,AMERICAN AIRLINES,SE,11,8,2,10
AA,AMERICAN AIRLINES,SG,393,284,72,356
AA,AMERICAN AIRLINES,TH,535,374,124,498
AA,AMERICAN AIRLINES,TR,55,44,6,50
AA,AMERICAN AIRLINES,TW,900,616,188,804
AA,AMERICAN AIRLINES,UA,10,5,2,7
AA,AMERICAN AIRLINES,US,10761,7867,1985,9852
AA,AMERICAN AIRLINES,VN,161,105,42,147
AC,AIR CANADA,,43,0,0,0
AC,AIR CANADA,AE,87,34,49,83
AC,AIR CANADA,AR,59,35,21,56
AC,AIR CANADA,AT,22,8,13,21
AC,AIR CANADA,AU,1333,571,721,1292
AC,AIR CANADA,BE,85,50,34,84
AC,AIR CANADA,BR,793,310,456,766
AC,AIR CANADA,CA,9986,3081,5827,8908
AC,AIR CANADA,CH,85,41,42,83
AC,AIR CANADA,CN,102,54,39,93
AC,AIR CANADA,CO,41,23,16,39
AC,AIR CANADA,CZ,9,2,7,9
AC,AIR CANADA,DE,1507,774,689,1463
AC,AIR CANADA,DK,8,5,2,7
AC,AIR CANADA,ES,1020,496,478,974
AC,AIR CANADA,FR,2912,1257,1544,2801
AC,AIR CANADA,GB,9864,4580,4987,9567
AC,AIR CANADA,GR,23,14,9,23
AC,AIR CANADA,HK,5767,1758,3542,5300
AC,AIR CANADA,ID,196,62,124,186
AC,AIR CANADA,IE,62,35,25,60
AC,AIR CANADA,IL,14,6,8,14
AC,AIR CANADA,IN,212,72,132,204
AC,AIR CANADA,IT,553,297,246,543
AC,AIR CANADA,JP,4669,1431,2957,4388
AC,AIR CANADA,KR,3615,1464,1848,3312
AC,AIR CANADA,KZ,3,2,1,3
AC,AIR CANADA,MX,139,43,90,133
AC,AIR CANADA,MY,171,49,113,162
AC,AIR CANADA,NL,451,214,218,432
AC,AIR CANADA,NZ,46,17,26,43
AC,AIR CANADA,OM,1,0,1,1
AC,AIR CANADA,PE,7,3,3,6
AC,AIR CANADA,PH,523,208,269,477
AC,AIR CANADA,PK,20,10,7,17
AC,AIR CANADA,PL,55,27,25,52
AC,AIR CANADA,PT,24,12,12,24
AC,AIR CANADA,QA,2,0,2,2
AC,AIR CANADA,RU,494,166,303,469
AC,AIR CANADA,SA,41,16,23,39
AC,AIR CANADA,SE,10,9,1,10
AC,AIR CANADA,SG,1081,286,728,1014
AC,AIR CANADA,TH,818,222,564,786
AC,AIR CANADA,TR,33,9,22,31
AC,AIR CANADA,TW,1171,376,680,1056
AC,AIR CANADA,UA,24,11,12,23
AC,AIR CANADA,US,4329,1714,2162,3876
AC,AIR CANADA,VE,1,0,1,1
AC,AIR CANADA,VN,179,46,124,170
AF,AIR FRANCE,,18,0,0,0
AF,AIR FRANCE,AE,189,161,3,164
AF,AIR FRANCE,AR,15,14,0,14
AF,AIR FRANCE,AT,15,14,0,14
AF,AIR FRANCE,AU,312,272,6,278
AF,AIR FRANCE,AZ,2,2,0,2
AF,AIR FRANCE,BE,56,53,0,53
AF,AIR FRANCE,BH,1,1,0,1
AF,AIR FRANCE,BR,211,186,4,190
AF,AIR FRANCE,BY,6,6,0,6
AF,AIR FRANCE,CA,124,106,5,111
AF,AIR FRANCE,CH,79,69,0,69
AF,AIR FRANCE,CN,69,38,3,41
AF,AIR FRANCE,CO,32,29,1,30
AF,AIR FRANCE,CZ,7,6,0,6
AF,AIR FRANCE,DE,1263,1154,6,1160
AF,AIR FRANCE,DK,12,12,0,12
AF,AIR FRANCE,ES,1034,915,2,917
AF,AIR FRANCE,FI,1,1,0,1
AF,AIR FRANCE,FR,9146,8273,71,8344
AF,AIR FRANCE,GB,5833,5045,63,5108
AF,AIR FRANCE,GR,8,8,0,8
AF,AIR FRANCE,HK,3196,2739,9,2748
AF,AIR FRANCE,ID,160,137,7,144
AF,AIR FRANCE,IE,73,63,0,63
AF,AIR FRANCE,IL,25,23,0,23
AF,AIR FRANCE,IN,131,95,14,109
AF,AIR FRANCE,IT,774,706,4,710
AF,AIR FRANCE,JP,2073,1858,10,1868
AF,AIR FRANCE,KR,1250,1155,24,1179
AF,AIR FRANCE,KW,4,4,0,4
AF,AIR FRANCE,KZ,19,18,0,18
AF,AIR FRANCE,MX,74,67,0,67
AF,AIR FRANCE,MY,191,168,1,169
AF,AIR FRANCE,NL,324,292,5,297
AF,AIR FRANCE,NZ,6,6,0,6
AF,AIR FRANCE,PE,5,5,0,5
AF,AIR FRANCE,PH,94,85,4,89
AF,AIR FRANCE,PK,17,15,0,15
AF,AIR FRANCE,PL,38,35,1,36
AF,AIR FRANCE,PT,56,42,0,42
AF,AIR FRANCE,QA,12,10,0,10
AF,AIR FRANCE,RU,1016,894,2,896
AF,AIR FRANCE,SA,163,140,0,140
AF,AIR FRANCE,SE,20,19,0,19
AF,AIR FRANCE,SG,560,503,6,509
AF,AIR FRANCE,TH,453,357,77,434
AF,AIR FRANCE,TR,101,90,1,91
AF,AIR FRANCE,TW,388,342,0,342
AF,AIR FRANCE,UA,7,5,0,5
AF,AIR FRANCE,US,960,835,10,845
AF,AIR FRANCE,VN,132,115,0,115
AS,ALASKA AIRLINES,,12,0,0,0
AS,ALASKA AIRLINES,AE,53,47,2,49
AS,ALASKA AIRLINES,AR,13,12,0,12
AS,ALASKA AIRLINES,AT,23,22,0,22
AS,ALASKA AIRLINES,AU,774,706,7,713
AS,ALASKA AIRLINES,AZ,1,1,0,1
AS,ALASKA AIRLINES,BE,48,45,0,45
AS,ALASKA AIRLINES,BR,111,98,6,104
AS,ALASKA AIRLINES,BY,2,2,0,2
AS,ALASKA AIRLINES,CA,776,658,25,683
AS,ALASKA AIRLINES,CH,100,88,11,99
AS,ALASKA AIRLINES,CN,27,22,0,22
AS,ALASKA AIRLINES,CO,23,21,0,21
AS,ALASKA AIRLINES,CZ,19,19,0,19
AS,ALASKA AIRLINES,DE,783,692,19,711
AS,ALASKA AIRLINES,DK,9,4,0,4
AS,ALASKA AIRLINES,ES,451,399,9,408
AS,ALASKA AIRLINES,FI,3,3,0,3
AS,ALASKA AIRLINES,FR,467,411,11,422
AS,ALASKA AIRLINES,GB,3273,2992,55,3047
AS,ALASKA AIRLINES,GR,15,15,0,15
AS,ALASKA AIRLINES,HK,1520,1073,13,1086
AS,ALASKA AIRLINES,ID,179,138,2,140
AS,ALASKA AIRLINES,IE,75,71,0,71
AS,ALASKA AIRLINES,IL,106,102,1,103
AS,ALASKA AIRLINES,IN,216,192,8,200
AS,ALASKA AIRLINES,IT,633,557,19,576
AS,ALASKA AIRLINES,JP,5410,4741,102,4843
AS,ALASKA AIRLINES,KR,3047,2479,189,2668
AS,ALASKA AIRLINES,KZ,10,9,0,9
AS,ALASKA AIRLINES,MX,218,200,3,203
AS,ALASKA AIRLINES,MY,160,127,2,129
AS,ALASKA AIRLINES,NL,144,129,1,130
AS,ALASKA AIRLINES,NZ,45,38,2,40
AS,ALASKA AIRLINES,PE,4,3,0,3
AS,ALASKA AIRLINES,PH,262,204,2,206
AS,ALASKA AIRLINES,PK,9,9,0,9
AS,ALASKA AIRLINES,PL,88,82,0,82
AS,ALASKA AIRLINES,PT,7,5,1,6
AS,ALASKA AIRLINES,QA,10,10,0,10
AS,ALASKA AIRLINES,RU,231,171,7,178
AS,ALASKA AIRLINES,SA,35,31,1,32
AS,ALASKA AIRLINES,SE,12,11,0,11
AS,ALASKA AIRLINES,SG,478,326,3,329
AS,ALASKA AIRLINES,TH,469,347,2,349
AS,ALASKA AIRLINES,TR,76,70,1,71
AS,ALASKA AIRLINES,TW,1139,844,6,850
AS,ALASKA AIRLINES,UA,12,9,0,9
AS,ALASKA AIRLINES,US,6130,4551,69,4620
AS,ALASKA AIRLINES,VE,1,1,0,1
AS,ALASKA AIRLINES,VN,135,120,2,122
AZ,ITA AIRWAYS,,44,0,0,0
AZ,ITA AIRWAYS,AE,168,158,0,158
AZ,ITA AIRWAYS,AR,91,88,0,88
AZ,ITA AIRWAYS,AT,20,13,0,13
AZ,ITA AIRWAYS,AU,569,534,0,534
AZ,ITA AIRWAYS,AZ,3,3,0,3
AZ,ITA AIRWAYS,BE,120,93,0,93
AZ,ITA AIRWAYS,BH,2,2,0,2
AZ,ITA AIRWAYS,BR,822,743,0,743
AZ,ITA AIRWAYS,BY,1,1,0,1
AZ,ITA AIRWAYS,CA,338,291,3,294
AZ,ITA AIRWAYS,CH,122,104,1,105
AZ,ITA AIRWAYS,CN,46,36,0,36
AZ,ITA AIRWAYS,CO,105,97,0,97
AZ,ITA AIRWAYS,CZ,1,1,0,1
AZ,ITA AIRWAYS,DE,2284,1981,0,1981
AZ,ITA AIRWAYS,DK,5,5,0,5
AZ,ITA AIRWAYS,ES,1763,1503,0,1503
AZ,ITA AIRWAYS,FR,2579,2096,2,2098
AZ,ITA AIRWAYS,GB,5806,5039,10,5049
AZ,ITA AIRWAYS,GR,189,151,0,151
AZ,ITA AIRWAYS,HK,1117,835,1,836
AZ,ITA AIRWAYS,ID,124,108,2,110
AZ,ITA AIRWAYS,IE,14,10,0,10
AZ,ITA AIRWAYS,IL,75,62,0,62
AZ,ITA AIRWAYS,IN,133,122,2,124
AZ,ITA AIRWAYS,IT,16087,13239,15,13254
AZ,ITA AIRWAYS,JP,2189,1937,1,1938
AZ,ITA AIRWAYS,KR,1313,1169,13,1182
AZ,ITA AIRWAYS,KW,6,5,0,5
AZ,ITA AIRWAYS,KZ,16,16,0,16
AZ,ITA AIRWAYS,MX,145,123,0,123
AZ,ITA AIRWAYS,MY,114,94,1,95
AZ,ITA AIRWAYS,NL,722,643,1,644
AZ,ITA AIRWAYS,NZ,32,30,0,30
AZ,ITA AIRWAYS,OM,5,5,0,5
AZ,ITA AIRWAYS,PE,4,3,0,3
AZ,ITA AIRWAYS,PH,68,55,0,55
AZ,ITA AIRWAYS,PK,21,19,0,19
AZ,ITA AIRWAYS,PL,11,8,0,8
AZ,ITA AIRWAYS,PT,16,12,0,12
AZ,ITA AIRWAYS,QA,7,5,0,5
AZ,ITA AIRWAYS,RU,579,458,0,458
AZ,ITA AIRWAYS,SA,400,277,1,278
AZ,ITA AIRWAYS,SE,3,3,0,3
AZ,ITA AIRWAYS,SG,278,246,1,247
AZ,ITA AIRWAYS,TH,334,293,0,293
AZ,ITA AIRWAYS,TR,129,106,0,106
AZ,ITA AIRWAYS,TW,347,303,0,303
AZ,ITA AIRWAYS,UA,8,8,0,8
AZ,ITA AIRWAYS,US,1677,1406,4,1410
AZ,ITA AIRWAYS,VN,40,38,1,39
BA,BRITISH AIRWAYS,,70,1,0,1
BA,BRITISH AIRWAYS,AE,285,194,1,195
BA,BRITISH AIRWAYS,AR,13,8,0,8
BA,BRITISH AIRWAYS,AT,22,19,0,19
BA,BRITISH AIRWAYS,AU,952,610,3,613
BA,BRITISH AIRWAYS,AZ,4,2,0,2
BA,BRITISH AIRWAYS,BE,63,46,2,48
BA,BRITISH AIRWAYS,BH,6,3,0,3
BA,BRITISH AIRWAYS,BR,312,165,10,175
BA,BRITISH AIRWAYS,BY,4,1,0,1
BA,BRITISH AIRWAYS,CA,474,293,7,300
BA,BRITISH AIRWAYS,CH,69,59,3,62
BA,BRITISH AIRWAYS,CN,163,114,3,117
BA,BRITISH AIRWAYS,CO,10,2,0,2
BA,BRITISH AIRWAYS,CZ,6,4,1,5
BA,BRITISH AIRWAYS,DE,1281,1131,12,1143
BA,BRITISH AIRWAYS,DK,25,20,0,20
BA,BRITISH AIRWAYS,ES,799,672,7,679
BA,BRITISH AIRWAYS,FI,4,2,0,2
BA,BRITISH AIRWAYS,FR,1048,865,15,880
BA,BRITISH AIRWAYS,GB,35707,30596,501,31097
BA,BRITISH AIRWAYS,GR,19,18,0,18
BA,BRITISH AIRWAYS,HK,4601,3613,55,3668
BA,BRITISH AIRWAYS,ID,206,132,0,132
BA,BRITISH AIRWAYS,IE,240,194,2,196
BA,BRITISH AIRWAYS,IL,41,16,0,16
BA,BRITISH AIRWAYS,IN,323,226,0,226
BA,BRITISH AIRWAYS,IT,684,590,5,595
BA,BRITISH AIRWAYS,JP,1661,1277,62,1339
BA,BRITISH AIRWAYS,KR,1279,1131,26,1157
BA,BRITISH AIRWAYS,KW,6,4,1,5
BA,BRITISH AIRWAYS,KZ,13,9,1,10
BA,BRITISH AIRWAYS,MX,121,63,2,65
BA,BRITISH AIRWAYS,MY,836,633,10,643
BA,BRITISH AIRWAYS,NL,604,498,1,499
BA,BRITISH AIRWAYS,NZ,68,46,0,46
BA,BRITISH AIRWAYS,OM,2,1,0,1
BA,BRITISH AIRWAYS,PE,2,2,0,2
BA,BRITISH AIRWAYS,PH,107,72,2,74
BA,BRITISH AIRWAYS,PK,62,35,1,36
BA,BRITISH AIRWAYS,PL,66,54,0,54
BA,BRITISH AIRWAYS,PT,40,28,0,28
BA,BRITISH AIRWAYS,QA,15,7,1,8
BA,BRITISH AIRWAYS,RU,436,331,5,336
BA,BRITISH AIRWAYS,SA,345,233,9,242
BA,BRITISH AIRWAYS,SE,26,22,0,22
BA,BRITISH AIRWAYS,SG,1099,948,2,950
BA,BRITISH AIRWAYS,TH,464,284,5,289
BA,BRITISH AIRWAYS,TR,132,117,0,117
BA,BRITISH AIRWAYS,TW,516,415,4,419
BA,BRITISH AIRWAYS,UA,4,4,0,4
BA,BRITISH AIRWAYS,US,2310,1923,39,1962
BA,BRITISH AIRWAYS,VN,64,46,0,46
BR,EVA AIR,,796,0,0,0
BR,EVA AIR,AE,112,61,0,61
BR,EVA AIR,AR,3,3,0,3
BR,EVA AIR,AT,81,55,0,55
BR,EVA AIR,AU,1188,808,2,810
BR,EVA AIR,AZ,1,0,0,0
BR,EVA AIR,BE,36,20,0,20
BR,EVA AIR,BH,4,2,0,2
BR,EVA AIR,BR,48,17,0,17
BR,EVA AIR,BY,1,0,0,0
BR,EVA AIR,CA,1756,1202,8,1210
BR,EVA AIR,CH,27,18,0,18
BR,EVA AIR,CN,244,148,1,149
BR,EVA AIR,CO,3,2,0,2
BR,EVA AIR,CZ,2,1,0,1
BR,EVA AIR,DE,1314,1162,1,1163
BR,EVA AIR,DK,16,6,0,6
BR,EVA AIR,ES,189,170,0,170
BR,EVA AIR,FI,1,1,0,1
BR,EVA AIR,FR,1934,1777,2,1779
BR,EVA AIR,GB,11953,8556,18,8574
BR,EVA AIR,GR,6,4,0,4
BR,EVA AIR,HK,26442,11108,27,11135
BR,EVA AIR,ID,2818,1843,1,1844
BR,EVA AIR,IE,18,8,0,8
BR,EVA AIR,IL,35,14,0,14
BR,EVA AIR,IN,136,84,0,84
BR,EVA AIR,IT,786,702,0,702
BR,EVA AIR,JP,14733,10022,4,10026
BR,EVA AIR,KR,2858,2443,0,2443
BR,EVA AIR,KW,4,3,0,3
BR,EVA AIR,KZ,4,3,0,3
BR,EVA AIR,MX,32,25,0,25
BR,EVA AIR,MY,2583,1901,3,1904
BR,EVA AIR,NL,1255,1145,0,1145
BR,EVA AIR,NZ,53,13,0,13
BR,EVA AIR,OM,2,1,0,1
BR,EVA AIR,PE,1,1,0,1
BR,EVA AIR,PH,6123,3167,18,3185
BR,EVA AIR,PK,7,3,0,3
BR,EVA AIR,PL,36,18,0,18
BR,EVA AIR,PT,12,8,1,9
BR,EVA AIR,QA,2,1,0,1
BR,EVA AIR,RU,1537,925,1,926
BR,EVA AIR,SA,31,15,0,15
BR,EVA AIR,SE,10,3,0,3
BR,EVA AIR,SG,3651,3302,2,3304
BR,EVA AIR,TH,11466,5076,2,5078
BR,EVA AIR,TR,41,20,0,20
BR,EVA AIR,TW,107278,64357,141,64498
BR,EVA AIR,UA,17,10,0,10
BR,EVA AIR,US,7765,6721,47,6768
BR,EVA AIR,VN,5148,3045,2,3047
CA,AIR CHINA,,155,0,0,0
CA,AIR CHINA,AE,621,379,0,379
CA,AIR CHINA,AR,13,7,0,7
CA,AIR CHINA,AT,180,118,0,118
CA,AIR CHINA,AU,3421,2151,4,2155
CA,AIR CHINA,AZ,13,7,0,7
CA,AIR CHINA,BE,379,242,0,242
CA,AIR CHINA,BH,4,3,0,3
CA,AIR CHINA,BR,510,304,1,305
CA,AIR CHINA,BY,303,194,0,194
CA,AIR CHINA,CA,1160,654,17,671
CA,AIR CHINA,CH,221,128,0,128
CA,AIR CHINA,CN,247,1,0,1
CA,AIR CHINA,CO,29,20,0,20
CA,AIR CHINA,CZ,9,5,0,5
CA,AIR CHINA,DE,6231,4477,9,4486
CA,AIR CHINA,DK,154,85,0,85
CA,AIR CHINA,ES,4514,3182,1,3183
CA,AIR CHINA,FI,14,9,0,9
CA,AIR CHINA,FR,5262,3261,4,3265
CA,AIR CHINA,GB,38988,20442,32,20474
CA,AIR CHINA,GR,59,36,0,36
CA,AIR CHINA,HK,39466,23608,19,23627
CA,AIR CHINA,ID,2866,1997,0,1997
CA,AIR CHINA,IE,157,72,0,72
CA,AIR CHINA,IL,36,14,0,14
CA,AIR CHINA,IN,593,235,0,235
CA,AIR CHINA,IT,3864,2561,0,2561
CA,AIR CHINA,JP,18832,14636,1,14637
CA,AIR CHINA,KR,20369,14689,1,14690
CA,AIR CHINA,KW,13,0,0,0
CA,AIR CHINA,KZ,530,262,0,262
CA,AIR CHINA,MX,169,85,0,85
CA,AIR CHINA,MY,5655,4208,2,4210
CA,AIR CHINA,NL,748,531,0,531
CA,AIR CHINA,NZ,272,124,0,124
CA,AIR CHINA,OM,11,2,0,2
CA,AIR CHINA,PE,6,4,0,4
CA,AIR CHINA,PH,1435,929,0,929
CA,AIR CHINA,PK,223,105,0,105
CA,AIR CHINA,PL,488,307,0,307
CA,AIR CHINA,PT,64,40,1,41
CA,AIR CHINA,QA,24,15,0,15
CA,AIR CHINA,RU,27117,15548,1,15549
CA,AIR CHINA,SA,513,292,0,292
CA,AIR CHINA,SE,214,121,0,121
CA,AIR CHINA,SG,13855,8715,1,8716
CA,AIR CHINA,TH,7275,4586,2,4588
CA,AIR CHINA,TR,621,429,0,429
CA,AIR CHINA,TW,17579,10899,0,10899
CA,AIR CHINA,UA,57,33,0,33
CA,AIR CHINA,US,7551,2902,35,2937
CA,AIR CHINA,VE,1,1,0,1
CA,AIR CHINA,VN,3603,2174,0,2174
CI,CHINA AIRLINES,,101,0,0,0
CI,CHINA AIRLINES,AE,48,21,0,21
CI,CHINA AIRLINES,AR,3,3,0,3
CI,CHINA AIRLINES,AT,35,30,0,30
CI,CHINA AIRLINES,AU,1798,1403,0,1403
CI,CHINA AIRLINES,BE,22,10,0,10
CI,CHINA AIRLINES,BR,23,15,0,15
CI,CHINA AIRLINES,CA,735,418,0,418
CI,CHINA AIRLINES,CH,23,8,0,8
CI,CHINA AIRLINES,CN,197,114,0,114
CI,CHINA AIRLINES,CO,7,3,0,3
CI,CHINA AIRLINES,CZ,2,1,0,1
CI,CHINA AIRLINES,DE,1421,1341,1,1342
CI,CHINA AIRLINES,DK,7,2,0,2
CI,CHINA AIRLINES,ES,161,143,0,143
CI,CHINA AIRLINES,FI,4,1,0,1
CI,CHINA AIRLINES,FR,304,276,0,276
CI,CHINA AIRLINES,GB,7259,4409,1,4410
CI,CHINA AIRLINES,GR,2,2,0,2
CI,CHINA AIRLINES,HK,17916,7419,0,7419
CI,CHINA AIRLINES,ID,3149,2310,0,2310
CI,CHINA AIRLINES,IE,19,13,0,13
CI,CHINA AIRLINES,IL,13,2,0,2
CI,CHINA AIRLINES,IN,53,34,0,34
CI,CHINA AIRLINES,IT,359,339,0,339
CI,CHINA AIRLINES,JP,13126,8880,0,8880
CI,CHINA AIRLINES,KR,3272,2936,0,2936
CI,CHINA AIRLINES,KW,2,1,0,1
CI,CHINA AIRLINES,KZ,4,1,0,1
CI,CHINA AIRLINES,MX,32,14,0,14
CI,CHINA AIRLINES,MY,3557,2109,0,2109
CI,CHINA AIRLINES,NL,616,597,1,598
CI,CHINA AIRLINES,NZ,101,79,0,79
CI,CHINA AIRLINES,PE,1,1,0,1
CI,CHINA AIRLINES,PH,3110,1590,0,1590
CI,CHINA AIRLINES,PK,2,2,0,2
CI,CHINA AIRLINES,PL,21,12,0,12
CI,CHINA AIRLINES,PT,4,1,0,1
CI,CHINA AIRLINES,QA,6,5,0,5
CI,CHINA AIRLINES,RU,1359,905,0,905
CI,CHINA AIRLINES,SA,19,6,0,6
CI,CHINA AIRLINES,SE,8,4,0,4
CI,CHINA AIRLINES,SG,4424,4222,0,4222
CI,CHINA AIRLINES,TH,7195,1959,0,1959
CI,CHINA AIRLINES,TR,29,16,0,16
CI,CHINA AIRLINES,TW,92175,54121,6,54127
CI,CHINA AIRLINES,UA,6,3,0,3
CI,CHINA AIRLINES,US,4855,4571,0,4571
CI,CHINA AIRLINES,VN,5342,2930,0,2930
CX,CATHAY PACIFIC,,234,2,0,2
CX,CATHAY PACIFIC,AE,813,511,0,511
CX,CATHAY PACIFIC,AR,8,3,0,3
CX,CATHAY PACIFIC,AT,41,19,0,19
CX,CATHAY PACIFIC,AU,7726,5314,0,5314
CX,CATHAY PACIFIC,AZ,21,14,0,14
CX,CATHAY PACIFIC,BE,122,79,0,79
CX,CATHAY PACIFIC,BH,5,4,0,4
CX,CATHAY PACIFIC,BR,280,132,0,132
CX,CATHAY PACIFIC,BY,24,12,0,12
CX,CATHAY PACIFIC,CA,2306,1371,7,1378
CX,CATHAY PACIFIC,CH,149,97,0,97
CX,CATHAY PACIFIC,CN,331,243,0,243
CX,CATHAY PACIFIC,CO,15,9,0,9
CX,CATHAY PACIFIC,CZ,3,2,0,2
CX,CATHAY PACIFIC,DE,1781,1537,0,1537
CX,CATHAY PACIFIC,DK,30,12,0,12
CX,CATHAY PACIFIC,ES,1096,969,1,970
CX,CATHAY PACIFIC,FI,11,5,0,5
CX,CATHAY PACIFIC,FR,2688,2412,0,2412
CX,CATHAY PACIFIC,GB,27720,19615,13,19628
CX,CATHAY PACIFIC,GR,8,3,0,3
CX,CATHAY PACIFIC,HK,154768,76632,91,76723
CX,CATHAY PACIFIC,ID,10798,7679,6,7685
CX,CATHAY PACIFIC,IE,79,45,0,45
CX,CATHAY PACIFIC,IL,39,26,0,26
CX,CATHAY PACIFIC,IN,1993,1281,0,1281
CX,CATHAY PACIFIC,IT,594,504,0,504
CX,CATHAY PACIFIC,JP,18454,13513,2,13515
CX,CATHAY PACIFIC,KR,4178,3344,0,3344
CX,CATHAY PACIFIC,KW,8,6,0,6
CX,CATHAY PACIFIC,KZ,83,42,0,42
CX,CATHAY PACIFIC,MX,164,86,2,88
CX,CATHAY PACIFIC,MY,7847,4780,4,4784
CX,CATHAY PACIFIC,NL,896,795,0,795
CX,CATHAY PACIFIC,NZ,323,220,0,220
CX,CATHAY PACIFIC,OM,13,8,0,8
CX,CATHAY PACIFIC,PE,3,0,0,0
CX,CATHAY PACIFIC,PH,8150,3949,0,3949
CX,CATHAY PACIFIC,PK,33,10,0,10
CX,CATHAY PACIFIC,PL,55,30,0,30
CX,CATHAY PACIFIC,PT,15,8,0,8
CX,CATHAY PACIFIC,QA,32,18,0,18
CX,CATHAY PACIFIC,RU,3110,1438,4,1442
CX,CATHAY PACIFIC,SA,653,384,0,384
CX,CATHAY PACIFIC,SE,23,9,0,9
CX,CATHAY PACIFIC,SG,14282,9100,3,9103
CX,CATHAY PACIFIC,TH,8037,5005,2,5007
CX,CATHAY PACIFIC,TR,86,40,0,40
CX,CATHAY PACIFIC,TW,36477,20336,36,20372
CX,CATHAY PACIFIC,UA,18,6,0,6
CX,CATHAY PACIFIC,US,9269,8050,8,8058
CX,CATHAY PACIFIC,VN,2885,1742,1,1743
CZ,CHINA SOUTHERN AIRLINES,,239,0,0,0
CZ,CHINA SOUTHERN AIRLINES,AE,1093,514,1,515
CZ,CHINA SOUTHERN AIRLINES,AR,14,0,1,1
CZ,CHINA SOUTHERN AIRLINES,AT,33,9,0,9
CZ,CHINA SOUTHERN AIRLINES,AU,15499,4494,2,4496
CZ,CHINA SOUTHERN AIRLINES,AZ,176,30,0,30
CZ,CHINA SOUTHERN AIRLINES,BE,113,29,0,29
CZ,CHINA SOUTHERN AIRLINES,BH,12,3,0,3
CZ,CHINA SOUTHERN AIRLINES,BR,317,77,1,78
CZ,CHINA SOUTHERN AIRLINES,BY,303,37,0,37
CZ,CHINA SOUTHERN AIRLINES,CA,1703,531,3,534
CZ,CHINA SOUTHERN AIRLINES,CH,66,21,0,21
CZ,CHINA SOUTHERN AIRLINES,CN,397,0,1,1
CZ,CHINA SOUTHERN AIRLINES,CO,21,1,0,1
CZ,CHINA SOUTHERN AIRLINES,CZ,3,0,0,0
CZ,CHINA SOUTHERN AIRLINES,DE,4683,1333,0,1333
CZ,CHINA SOUTHERN AIRLINES,DK,25,5,0,5
CZ,CHINA SOUTHERN AIRLINES,ES,1441,374,7,381
CZ,CHINA SOUTHERN AIRLINES,FI,32,10,0,10
CZ,CHINA SOUTHERN AIRLINES,FR,4108,1083,1,1084
CZ,CHINA SOUTHERN AIRLINES,GB,44304,16250,33,16283
CZ,CHINA SOUTHERN AIRLINES,GR,13,3,0,3
CZ,CHINA SOUTHERN AIRLINES,HK,32414,12076,76,12152
CZ,CHINA SOUTHERN AIRLINES,ID,7251,2352,0,2352
CZ,CHINA SOUTHERN AIRLINES,IE,90,24,0,24
CZ,CHINA SOUTHERN AIRLINES,IL,85,14,0,14
CZ,CHINA SOUTHERN AIRLINES,IN,869,188,0,188
CZ,CHINA SOUTHERN AIRLINES,IT,489,160,0,160
CZ,CHINA SOUTHERN AIRLINES,JP,12557,5942,0,5942
CZ,CHINA SOUTHERN AIRLINES,KR,37187,15350,1,15351
CZ,CHINA SOUTHERN AIRLINES,KW,17,4,0,4
CZ,CHINA SOUTHERN AIRLINES,KZ,1374,233,0,233
CZ,CHINA SOUTHERN AIRLINES,MX,206,50,4,54
CZ,CHINA SOUTHERN AIRLINES,MY,49975,13755,6,13761
CZ,CHINA SOUTHERN AIRLINES,NL,3430,854,1,855
CZ,CHINA SOUTHERN AIRLINES,NZ,539,269,0,269
CZ,CHINA SOUTHERN AIRLINES,OM,73,16,0,16
CZ,CHINA SOUTHERN AIRLINES,PE,2,0,0,0
CZ,CHINA SOUTHERN AIRLINES,PH,3547,2230,2,2232
CZ,CHINA SOUTHERN AIRLINES,PK,1614,1008,0,1008
CZ,CHINA SOUTHERN AIRLINES,PL,139,26,0,26
CZ,CHINA SOUTHERN AIRLINES,PT,28,7,0,7
CZ,CHINA SOUTHERN AIRLINES,QA,97,64,0,64
CZ,CHINA SOUTHERN AIRLINES,RU,45481,9515,2,9517
CZ,CHINA SOUTHERN AIRLINES,SA,1174,575,0,575
CZ,CHINA SOUTHERN AIRLINES,SE,41,9,0,9
CZ,CHINA SOUTHERN AIRLINES,SG,23017,13048,3,13051
CZ,CHINA SOUTHERN AIRLINES,TH,22402,7380,7,7387
CZ,CHINA SOUTHERN AIRLINES,TR,2307,669,0,669
CZ,CHINA SOUTHERN AIRLINES,TW,15205,10210,1,10211
CZ,CHINA SOUTHERN AIRLINES,UA,34,8,0,8
CZ,CHINA SOUTHERN AIRLINES,US,9092,3210,189,3399
CZ,CHINA SOUTHERN AIRLINES,VE,1,0,0,0
CZ,CHINA SOUTHERN AIRLINES,VN,9528,4097,2,4099
DL,DELTA AIR LINES,,38,1,0,1
DL,DELTA AIR LINES,AE,120,89,21,110
DL,DELTA AIR LINES,AT,17,13,1,14
DL,DELTA AIR LINES,AU,681,554,69,623
DL,DELTA AIR LINES,AZ,5,4,0,4
DL,DELTA AIR LINES,BE,16,10,4,14
DL,DELTA AIR LINES,BH,1,0,0,0
DL,DELTA AIR LINES,BR,171,116,28,144
DL,DELTA AIR LINES,BY,1,1,0,1
DL,DELTA AIR LINES,CA,1062,632,116,748
DL,DELTA AIR LINES,CH,10,6,2,8
DL,DELTA AIR LINES,CN,78,63,4,67
DL,DELTA AIR LINES,CO,4,3,0,3
DL,DELTA AIR LINES,CZ,1,0,1,1
DL,DELTA AIR LINES,DE,443,323,56,379
DL,DELTA AIR LINES,DK,4,4,0,4
DL,DELTA AIR LINES,ES,851,636,115,751
DL,DELTA AIR LINES,FR,823,602,119,721
DL,DELTA AIR LINES,GB,4791,3663,590,4253
DL,DELTA AIR LINES,GR,6,3,0,3
DL,DELTA AIR LINES,HK,3730,2685,414,3099
DL,DELTA AIR LINES,ID,398,289,55,344
DL,DELTA AIR LINES,IE,27,20,3,23
DL,DELTA AIR LINES,IL,2,0,0,0
DL,DELTA AIR LINES,IN,336,257,56,313
DL,DELTA AIR LINES,IT,313,237,34,271
DL,DELTA AIR LINES,JP,4764,3762,480,4242
DL,DELTA AIR LINES,KR,3130,2059,691,2750
DL,DELTA AIR LINES,KW,6,6,0,6
DL,DELTA AIR LINES,KZ,32,27,4,31
DL,DELTA AIR LINES,MX,121,90,17,107
DL,DELTA AIR LINES,MY,271,191,35,226
DL,DELTA AIR LINES,NL,211,158,20,178
DL,DELTA AIR LINES,NZ,49,36,6,42
DL,DELTA AIR LINES,PH,375,250,60,310
DL,DELTA AIR LINES,PK,26,17,4,21
DL,DELTA AIR LINES,PL,29,21,5,26
DL,DELTA AIR LINES,PT,11,8,3,11
DL,DELTA AIR LINES,QA,14,12,1,13
DL,DELTA AIR LINES,RU,569,409,99,508
DL,DELTA AIR LINES,SA,125,89,21,110
DL,DELTA AIR LINES,SE,7,7,0,7
DL,DELTA AIR LINES,SG,696,517,79,596
DL,DELTA AIR LINES,TH,890,611,146,757
DL,DELTA AIR LINES,TR,54,35,11,46
DL,DELTA AIR LINES,TW,2179,1719,214,1933
DL,DELTA AIR LINES,UA,8,7,0,7
DL,DELTA AIR LINES,US,14569,10857,322,11179
DL,DELTA AIR LINES,VN,266,205,46,251
EK,EMIRATES,,506,1,0,1
EK,EMIRATES,AE,16661,9636,31,9667
EK,EMIRATES,AR,15,14,0,14
EK,EMIRATES,AT,65,45,0,45
EK,EMIRATES,AU,3847,2452,1,2453
EK,EMIRATES,AZ,35,16,0,16
EK,EMIRATES,BE,175,116,0,116
EK,EMIRATES,BH,78,37,0,37
EK,EMIRATES,BR,386,221,0,221
EK,EMIRATES,BY,47,35,0,35
EK,EMIRATES,CA,973,548,11,559
EK,EMIRATES,CH,138,88,0,88
EK,EMIRATES,CN,415,300,1,301
EK,EMIRATES,CO,32,21,0,21
EK,EMIRATES,CZ,6,4,0,4
EK,EMIRATES,DE,5089,4457,1,4458
EK,EMIRATES,DK,50,32,0,32
EK,EMIRATES,ES,1654,1463,4,1467
EK,EMIRATES,FI,7,4,0,4
EK,EMIRATES,FR,6954,5909,3,5912
EK,EMIRATES,GB,41822,31127,99,31226
EK,EMIRATES,GR,35,27,1,28
EK,EMIRATES,HK,23120,15609,12,15621
EK,EMIRATES,ID,5653,3605,6,3611
EK,EMIRATES,IE,192,132,0,132
EK,EMIRATES,IL,165,72,3,75
EK,EMIRATES,IN,2913,1863,22,1885
EK,EMIRATES,IT,1500,1315,8,1323
EK,EMIRATES,JP,4367,3389,8,3397
EK,EMIRATES,KR,2170,1835,1,1836
EK,EMIRATES,KW,74,38,0,38
EK,EMIRATES,KZ,136,92,0,92
EK,EMIRATES,MX,50,32,1,33
EK,EMIRATES,MY,4490,2973,4,2977
EK,EMIRATES,NL,1461,1285,1,1286
EK,EMIRATES,NZ,223,133,0,133
EK,EMIRATES,OM,60,47,0,47
EK,EMIRATES,PE,2,2,0,2
EK,EMIRATES,PH,2375,1513,0,1513
EK,EMIRATES,PK,587,332,1,333
EK,EMIRATES,PL,121,73,0,73
EK,EMIRATES,PT,120,73,0,73
EK,EMIRATES,QA,77,42,0,42
EK,EMIRATES,RU,11347,7443,17,7460
EK,EMIRATES,SA,6328,3758,9,3767
EK,EMIRATES,SE,69,45,0,45
EK,EMIRATES,SG,4425,2229,5,2234
EK,EMIRATES,TH,10029,4084,26,4110
EK,EMIRATES,TR,839,503,0,503
EK,EMIRATES,TW,2564,1923,1,1924
EK,EMIRATES,UA,55,30,0,30
EK,EMIRATES,US,5721,4711,146,4857
EK,EMIRATES,VN,2737,1936,12,1948
EK,EMIRATES,ZA,1,0,0,0
EY,ETIHAD AIRWAYS,,352,2,1,3
EY,ETIHAD AIRWAYS,AE,13768,2767,7550,10317
EY,ETIHAD AIRWAYS,AR,20,3,17,20
EY,ETIHAD AIRWAYS,AT,144,39,91,130
EY,ETIHAD AIRWAYS,AU,2556,984,1376,2360
EY,ETIHAD AIRWAYS,AZ,4,0,4,4
EY,ETIHAD AIRWAYS,BE,385,78,257,335
EY,ETIHAD AIRWAYS,BH,221,42,92,134
EY,ETIHAD AIRWAYS,BR,152,34,86,120
EY,ETIHAD AIRWAYS,BY,50,7,34,41
EY,ETIHAD AIRWAYS,CA,1412,335,861,1196
EY,ETIHAD AIRWAYS,CH,336,63,229,292
EY,ETIHAD AIRWAYS,CN,416,93,205,298
EY,ETIHAD AIRWAYS,CO,36,11,25,36
EY,ETIHAD AIRWAYS,CZ,25,12,12,24
EY,ETIHAD AIRWAYS,DE,10015,3189,6493,9682
EY,ETIHAD AIRWAYS,DK,71,16,40,56
EY,ETIHAD AIRWAYS,ES,5100,1454,3514,4968
EY,ETIHAD AIRWAYS,FI,10,1,9,10
EY,ETIHAD AIRWAYS,FR,11088,3415,7254,10669
EY,ETIHAD AIRWAYS,GB,47038,14466,29247,43713
EY,ETIHAD AIRWAYS,GR,97,23,60,83
EY,ETIHAD AIRWAYS,HK,5119,1638,2792,4430
EY,ETIHAD AIRWAYS,ID,11932,3487,7040,10527
EY,ETIHAD AIRWAYS,IE,695,133,469,602
EY,ETIHAD AIRWAYS,IL,481,85,326,411
EY,ETIHAD AIRWAYS,IN,4194,908,2664,3572
EY,ETIHAD AIRWAYS,IT,3124,926,2104,3030
EY,ETIHAD AIRWAYS,JP,4657,888,3302,4190
EY,ETIHAD AIRWAYS,KR,4300,1277,2862,4139
EY,ETIHAD AIRWAYS,KW,107,17,62,79
EY,ETIHAD AIRWAYS,KZ,53,18,23,41
EY,ETIHAD AIRWAYS,MX,18,5,12,17
EY,ETIHAD AIRWAYS,MY,3426,904,2125,3029
EY,ETIHAD AIRWAYS,NL,3335,1035,2203,3238
EY,ETIHAD AIRWAYS,NZ,89,8,60,68
EY,ETIHAD AIRWAYS,OM,180,34,75,109
EY,ETIHAD AIRWAYS,PE,3,0,3,3
EY,ETIHAD AIRWAYS,PH,1641,320,1071,1391
EY,ETIHAD AIRWAYS,PK,1040,219,673,892
EY,ETIHAD AIRWAYS,PL,400,96,226,322
EY,ETIHAD AIRWAYS,PT,158,47,95,142
EY,ETIHAD AIRWAYS,QA,263,33,143,176
EY,ETIHAD AIRWAYS,RU,10567,2144,7230,9374
EY,ETIHAD AIRWAYS,SA,12640,2153,8349,10502
EY,ETIHAD AIRWAYS,SE,45,8,26,34
EY,ETIHAD AIRWAYS,SG,1484,785,597,1382
EY,ETIHAD AIRWAYS,TH,5525,1320,3301,4621
EY,ETIHAD AIRWAYS,TR,1633,935,544,1479
EY,ETIHAD AIRWAYS,TW,3207,573,2382,2955
EY,ETIHAD AIRWAYS,UA,56,5,39,44
EY,ETIHAD AIRWAYS,US,5069,2378,2440,4818
EY,ETIHAD AIRWAYS,VE,1,0,0,0
EY,ETIHAD AIRWAYS,VN,1866,499,990,1489
GA,GARUDA INDONESIA,,56,0,0,0
GA,GARUDA INDONESIA,AE,748,582,0,582
GA,GARUDA INDONESIA,AT,12,5,0,5
GA,GARUDA INDONESIA,AU,2749,1460,1,1461
GA,GARUDA INDONESIA,AZ,1,1,0,1
GA,GARUDA INDONESIA,BE,39,9,0,9
GA,GARUDA INDONESIA,BH,1,0,0,0
GA,GARUDA INDONESIA,BR,31,5,0,5
GA,GARUDA INDONESIA,CA,117,53,0,53
GA,GARUDA INDONESIA,CH,45,6,0,6
GA,GARUDA INDONESIA,CN,152,119,0,119
GA,GARUDA INDONESIA,CO,1,1,0,1
GA,GARUDA INDONESIA,DE,485,414,1,415
GA,GARUDA INDONESIA,ES,111,100,0,100
GA,GARUDA INDONESIA,FI,3,0,0,0
GA,GARUDA INDONESIA,FR,364,300,2,302
GA,GARUDA INDONESIA,GB,3396,1849,5,1854
GA,GARUDA INDONESIA,GR,2,1,0,1
GA,GARUDA INDONESIA,HK,6806,1971,0,1971
GA,GARUDA INDONESIA,ID,22419,10316,18,10334
GA,GARUDA INDONESIA,IE,8,1,0,1
GA,GARUDA INDONESIA,IL,2,0,0,0
GA,GARUDA INDONESIA,IN,143,45,0,45
GA,GARUDA INDONESIA,IT,132,100,0,100
GA,GARUDA INDONESIA,JP,3858,1748,0,1748
GA,GARUDA INDONESIA,KR,1317,808,8,816
GA,GARUDA INDONESIA,KW,4,2,0,2
GA,GARUDA INDONESIA,KZ,6,1,0,1
GA,GARUDA INDONESIA,MX,8,6,0,6
GA,GARUDA INDONESIA,MY,1719,899,0,899
GA,GARUDA INDONESIA,NL,655,557,4,561
GA,GARUDA INDONESIA,NZ,20,8,0,8
GA,GARUDA INDONESIA,OM,7,4,0,4
GA,GARUDA INDONESIA,PH,122,50,1,51
GA,GARUDA INDONESIA,PK,35,16,0,16
GA,GARUDA INDONESIA,PL,21,7,0,7
GA,GARUDA INDONESIA,PT,7,3,0,3
GA,GARUDA INDONESIA,QA,13,9,0,9
GA,GARUDA INDONESIA,RU,452,162,0,162
GA,GARUDA INDONESIA,SA,511,237,0,237
GA,GARUDA INDONESIA,SE,9,5,0,5
GA,GARUDA INDONESIA,SG,4018,1773,0,1773
GA,GARUDA INDONESIA,TH,546,230,0,230
GA,GARUDA INDONESIA,TR,159,87,0,87
GA,GARUDA INDONESIA,TW,471,124,0,124
GA,GARUDA INDONESIA,UA,3,0,0,0
GA,GARUDA INDONESIA,US,1112,933,4,937
GA,GARUDA INDONESIA,VN,62,20,0,20
HX,HONG KONG AIRLINES,,53,0,0,0
HX,HONG KONG AIRLINES,AE,131,39,0,39
HX,HONG KONG AIRLINES,AR,4,1,0,1
HX,HONG KONG AIRLINES,AT,38,4,0,4
HX,HONG KONG AIRLINES,AU,2743,1156,1,1157
HX,HONG KONG AIRLINES,AZ,3,0,0,0
HX,HONG KONG AIRLINES,BE,53,4,0,4
HX,HONG KONG AIRLINES,BH,2,0,0,0
HX,HONG KONG AIRLINES,BR,205,34,0,34
HX,HONG KONG AIRLINES,BY,29,5,0,5
HX,HONG KONG AIRLINES,CA,1839,827,2,829
HX,HONG KONG AIRLINES,CH,67,6,0,6
HX,HONG KONG AIRLINES,CN,151,95,0,95
HX,HONG KONG AIRLINES,CO,4,3,0,3
HX,HONG KONG AIRLINES,CZ,1,0,0,0
HX,HONG KONG AIRLINES,DE,812,117,0,117
HX,HONG KONG AIRLINES,DK,16,0,0,0
HX,HONG KONG AIRLINES,ES,383,50,0,50
HX,HONG KONG AIRLINES,FI,14,0,0,0
HX,HONG KONG AIRLINES,FR,739,115,1,116
HX,HONG KONG AIRLINES,GB,7100,1409,7,1416
HX,HONG KONG AIRLINES,GR,6,1,0,1
HX,HONG KONG AIRLINES,HK,91879,14060,33,14093
HX,HONG KONG AIRLINES,ID,1367,603,1,604
HX,HONG KONG AIRLINES,IE,41,5,0,5
HX,HONG KONG AIRLINES,IL,18,4,0,4
HX,HONG KONG AIRLINES,IN,305,58,0,58
HX,HONG KONG AIRLINES,IT,210,38,0,38
HX,HONG KONG AIRLINES,JP,12517,1974,0,1974
HX,HONG KONG AIRLINES,KR,3615,2144,0,2144
HX,HONG KONG AIRLINES,KW,2,0,0,0
HX,HONG KONG AIRLINES,KZ,79,16,0,16
HX,HONG KONG AIRLINES,MX,101,13,0,13
HX,HONG KONG AIRLINES,MY,429,74,0,74
HX,HONG KONG AIRLINES,NL,305,52,0,52
HX,HONG KONG AIRLINES,NZ,83,10,0,10
HX,HONG KONG AIRLINES,OM,6,0,0,0
HX,HONG KONG AIRLINES,PH,385,58,0,58
HX,HONG KONG AIRLINES,PK,8,1,0,1
HX,HONG KONG AIRLINES,PL,70,13,0,13
HX,HONG KONG AIRLINES,PT,16,3,1,4
HX,HONG KONG AIRLINES,QA,7,1,0,1
HX,HONG KONG AIRLINES,RU,3241,506,0,506
HX,HONG KONG AIRLINES,SA,44,5,0,5
HX,HONG KONG AIRLINES,SE,26,3,0,3
HX,HONG KONG AIRLINES,SG,758,344,0,344
HX,HONG KONG AIRLINES,TH,12994,1743,3,1746
HX,HONG KONG AIRLINES,TR,136,53,0,53
HX,HONG KONG AIRLINES,TW,13291,4301,0,4301
HX,HONG KONG AIRLINES,UA,19,3,0,3
HX,HONG KONG AIRLINES,US,2761,465,6,471
HX,HONG KONG AIRLINES,VN,2470,676,0,676
IB,IBERIA,,25,0,0,0
IB,IBERIA,AE,190,119,1,120
IB,IBERIA,AR,151,97,0,97
IB,IBERIA,AT,48,28,0,28
IB,IBERIA,AU,571,401,0,401
IB,IBERIA,AZ,6,5,0,5
IB,IBERIA,BE,118,72,1,73
IB,IBERIA,BH,4,3,0,3
IB,IBERIA,BR,676,406,1,407
IB,IBERIA,BY,2,1,0,1
IB,IBERIA,CA,251,152,0,152
IB,IBERIA,CH,159,120,0,120
IB,IBERIA,CN,128,104,0,104
IB,IBERIA,CO,306,144,0,144
IB,IBERIA,CZ,3,2,0,2
IB,IBERIA,DE,2641,2284,0,2284
IB,IBERIA,DK,12,7,0,7
IB,IBERIA,ES,16936,14396,4,14400
IB,IBERIA,FI,5,1,0,1
IB,IBERIA,FR,4085,3441,1,3442
IB,IBERIA,GB,6757,5314,6,5320
IB,IBERIA,GR,77,46,0,46
IB,IBERIA,HK,2180,1565,0,1565
IB,IBERIA,ID,196,138,0,138
IB,IBERIA,IE,78,67,0,67
IB,IBERIA,IL,69,38,0,38
IB,IBERIA,IN,157,96,0,96
IB,IBERIA,IT,1590,1354,0,1354
IB,IBERIA,JP,2416,1780,2,1782
IB,IBERIA,KR,2659,2411,13,2424
IB,IBERIA,KW,4,4,0,4
IB,IBERIA,KZ,45,31,0,31
IB,IBERIA,MX,376,189,0,189
IB,IBERIA,MY,214,165,0,165
IB,IBERIA,NL,1043,876,0,876
IB,IBERIA,NZ,23,13,0,13
IB,IBERIA,OM,2,2,0,2
IB,IBERIA,PE,16,8,0,8
IB,IBERIA,PH,109,75,0,75
IB,IBERIA,PK,39,27,0,27
IB,IBERIA,PL,38,20,0,20
IB,IBERIA,PT,281,165,0,165
IB,IBERIA,QA,16,13,0,13
IB,IBERIA,RU,1057,735,2,737
IB,IBERIA,SA,169,104,0,104
IB,IBERIA,SE,26,10,0,10
IB,IBERIA,SG,379,353,0,353
IB,IBERIA,TH,240,145,0,145
IB,IBERIA,TR,209,109,0,109
IB,IBERIA,TW,521,351,0,351
IB,IBERIA,UA,14,10,0,10
IB,IBERIA,US,2011,1769,1,1770
IB,IBERIA,VE,11,6,0,6
IB,IBERIA,VN,87,57,0,57
JL,JAPAN AIRLINES,,72,2,0,2
JL,JAPAN AIRLINES,AE,76,38,4,42
JL,JAPAN AIRLINES,AR,11,6,0,6
JL,JAPAN AIRLINES,AT,15,4,0,4
JL,JAPAN AIRLINES,AU,1168,556,49,605
JL,JAPAN AIRLINES,AZ,2,2,0,2
JL,JAPAN AIRLINES,BE,30,8,1,9
JL,JAPAN AIRLINES,BH,2,0,0,0
JL,JAPAN AIRLINES,BR,426,247,42,289
JL,JAPAN AIRLINES,BY,6,2,1,3
JL,JAPAN AIRLINES,CA,571,231,30,261
JL,JAPAN AIRLINES,CH,54,15,2,17
JL,JAPAN AIRLINES,CN,271,126,9,135
JL,JAPAN AIRLINES,CO,8,4,1,5
JL,JAPAN AIRLINES,DE,829,567,39,606
JL,JAPAN AIRLINES,DK,14,2,1,3
JL,JAPAN AIRLINES,ES,239,185,9,194
JL,JAPAN AIRLINES,FI,2,1,0,1
JL,JAPAN AIRLINES,FR,798,618,39,657
JL,JAPAN AIRLINES,GB,6171,3414,299,3713
JL,JAPAN AIRLINES,GR,3,1,0,1
JL,JAPAN AIRLINES,HK,7914,3741,599,4340
JL,JAPAN AIRLINES,ID,3014,1789,45,1834
JL,JAPAN AIRLINES,IE,10,2,1,3
JL,JAPAN AIRLINES,IL,41,11,3,14
JL,JAPAN AIRLINES,IN,187,99,18,117
JL,JAPAN AIRLINES,IT,193,114,14,128
JL,JAPAN AIRLINES,JP,36813,12936,264,13200
JL,JAPAN AIRLINES,KR,4374,1009,2638,3647
JL,JAPAN AIRLINES,KW,1,0,0,0
JL,JAPAN AIRLINES,KZ,12,5,0,5
JL,JAPAN AIRLINES,MX,54,23,0,23
JL,JAPAN AIRLINES,MY,2296,1685,61,1746
JL,JAPAN AIRLINES,NL,245,192,8,200
JL,JAPAN AIRLINES,NZ,46,15,3,18
JL,JAPAN AIRLINES,OM,2,2,0,2
JL,JAPAN AIRLINES,PH,918,501,55,556
JL,JAPAN AIRLINES,PK,10,5,0,5
JL,JAPAN AIRLINES,PL,33,10,2,12
JL,JAPAN AIRLINES,PT,3,1,0,1
JL,JAPAN AIRLINES,QA,2,2,0,2
JL,JAPAN AIRLINES,RU,1391,448,32,480
JL,JAPAN AIRLINES,SA,57,28,4,32
JL,JAPAN AIRLINES,SE,12,4,2,6
JL,JAPAN AIRLINES,SG,3721,2492,56,2548
JL,JAPAN AIRLINES,TH,5565,4122,84,4206
JL,JAPAN AIRLINES,TR,61,21,4,25
JL,JAPAN AIRLINES,TW,6169,3579,164,3743
JL,JAPAN AIRLINES,UA,6,1,0,1
JL,JAPAN AIRLINES,US,3189,2456,162,2618
JL,JAPAN AIRLINES,VN,5585,1851,95,1946
KE,KOREAN AIR,,79,0,1,1
KE,KOREAN AIR,AE,104,58,6,64
KE,KOREAN AIR,AR,6,2,0,2
KE,KOREAN AIR,AT,37,25,0,25
KE,KOREAN AIR,AU,1571,1011,45,1056
KE,KOREAN AIR,AZ,1,1,0,1
KE,KOREAN AIR,BE,50,29,3,32
KE,KOREAN AIR,BR,185,127,7,134
KE,KOREAN AIR,BY,16,9,3,12
KE,KOREAN AIR,CA,2119,1547,55,1602
KE,KOREAN AIR,CH,45,30,3,33
KE,KOREAN AIR,CN,226,133,3,136
KE,KOREAN AIR,CO,23,16,0,16
KE,KOREAN AIR,CZ,4,3,0,3
KE,KOREAN AIR,DE,1176,1051,43,1094
KE,KOREAN AIR,DK,16,11,0,11
KE,KOREAN AIR,ES,513,444,24,468
KE,KOREAN AIR,FI,6,4,0,4
KE,KOREAN AIR,FR,994,806,100,906
KE,KOREAN AIR,GB,11176,7639,511,8150
KE,KOREAN AIR,GR,9,5,1,6
KE,KOREAN AIR,HK,16097,11173,1711,12884
KE,KOREAN AIR,ID,1769,1209,68,1277
KE,KOREAN AIR,IE,32,22,1,23
KE,KOREAN AIR,IL,36,18,1,19
KE,KOREAN AIR,IN,221,120,21,141
KE,KOREAN AIR,IT,330,300,12,312
KE,KOREAN AIR,JP,50091,34147,840,34987
KE,KOREAN AIR,KR,128716,68567,53473,122040
KE,KOREAN AIR,KW,5,1,0,1
KE,KOREAN AIR,KZ,63,37,4,41
KE,KOREAN AIR,MX,178,124,8,132
KE,KOREAN AIR,MY,2983,2249,37,2286
KE,KOREAN AIR,NL,533,490,21,511
KE,KOREAN AIR,NZ,85,61,4,65
KE,KOREAN AIR,OM,2,2,0,2
KE,KOREAN AIR,PE,1,0,0,0
KE,KOREAN AIR,PH,1326,963,50,1013
KE,KOREAN AIR,PK,15,9,2,11
KE,KOREAN AIR,PL,55,26,4,30
KE,KOREAN AIR,PT,12,9,1,10
KE,KOREAN AIR,QA,7,4,1,5
KE,KOREAN AIR,RU,2758,1671,111,1782
KE,KOREAN AIR,SA,99,55,5,60
KE,KOREAN AIR,SE,17,10,0,10
KE,KOREAN AIR,SG,7819,6210,120,6330
KE,KOREAN AIR,TH,5424,3414,281,3695
KE,KOREAN AIR,TR,357,244,22,266
KE,KOREAN AIR,TW,9020,3972,141,4113
KE,KOREAN AIR,UA,7,5,1,6
KE,KOREAN AIR,US,8557,7724,309,8033
KE,KOREAN AIR,VN,3667,2409,147,2556
KL,KLM ROYAL DUTCH AIRLINES,,24,0,0,0
KL,KLM ROYAL DUTCH AIRLINES,AE,144,114,17,131
KL,KLM ROYAL DUTCH AIRLINES,AR,21,19,1,20
KL,KLM ROYAL DUTCH AIRLINES,AT,29,24,1,25
KL,KLM ROYAL DUTCH AIRLINES,AU,527,395,98,493
KL,KLM ROYAL DUTCH AIRLINES,AZ,5,4,0,4
KL,KLM ROYAL DUTCH AIRLINES,BE,60,57,0,57
KL,KLM ROYAL DUTCH AIRLINES,BR,139,117,3,120
KL,KLM ROYAL DUTCH AIRLINES,BY,9,6,3,9
KL,KLM ROYAL DUTCH AIRLINES,CA,126,98,13,111
KL,KLM ROYAL DUTCH AIRLINES,CH,97,86,2,88
KL,KLM ROYAL DUTCH AIRLINES,CN,88,60,2,62
KL,KLM ROYAL DUTCH AIRLINES,CO,31,29,0,29
KL,KLM ROYAL DUTCH AIRLINES,CZ,6,4,0,4
KL,KLM ROYAL DUTCH AIRLINES,DE,1823,1678,46,1724
KL,KLM ROYAL DUTCH AIRLINES,DK,42,35,1,36
KL,KLM ROYAL DUTCH AIRLINES,ES,1159,1034,30,1064
KL,KLM ROYAL DUTCH AIRLINES,FI,8,7,0,7
KL,KLM ROYAL DUTCH AIRLINES,FR,991,836,71,907
KL,KLM ROYAL DUTCH AIRLINES,GB,8308,7078,427,7505
KL,KLM ROYAL DUTCH AIRLINES,GR,21,20,0,20
KL,KLM ROYAL DUTCH AIRLINES,HK,2835,2062,364,2426
KL,KLM ROYAL DUTCH AIRLINES,ID,2205,465,1579,2044
KL,KLM ROYAL DUTCH AIRLINES,IE,110,93,3,96
KL,KLM ROYAL DUTCH AIRLINES,IL,19,15,2,17
KL,KLM ROYAL DUTCH AIRLINES,IN,155,113,28,141
KL,KLM ROYAL DUTCH AIRLINES,IT,659,613,10,623
KL,KLM ROYAL DUTCH AIRLINES,JP,1157,983,67,1050
KL,KLM ROYAL DUTCH AIRLINES,KR,941,836,56,892
KL,KLM ROYAL DUTCH AIRLINES,KW,1,1,0,1
KL,KLM ROYAL DUTCH AIRLINES,KZ,34,16,14,30
KL,KLM ROYAL DUTCH AIRLINES,MX,56,46,0,46
KL,KLM ROYAL DUTCH AIRLINES,MY,921,306,530,836
KL,KLM ROYAL DUTCH AIRLINES,NL,3081,2832,42,2874
KL,KLM ROYAL DUTCH AIRLINES,NZ,28,24,4,28
KL,KLM ROYAL DUTCH AIRLINES,OM,3,3,0,3
KL,KLM ROYAL DUTCH AIRLINES,PE,4,4,0,4
KL,KLM ROYAL DUTCH AIRLINES,PH,120,94,17,111
KL,KLM ROYAL DUTCH AIRLINES,PK,18,15,1,16
KL,KLM ROYAL DUTCH AIRLINES,PL,143,119,4,123
KL,KLM ROYAL DUTCH AIRLINES,PT,80,74,1,75
KL,KLM ROYAL DUTCH AIRLINES,QA,6,6,0,6
KL,KLM ROYAL DUTCH AIRLINES,RU,1312,880,327,1207
KL,KLM ROYAL DUTCH AIRLINES,SA,163,146,9,155
KL,KLM ROYAL DUTCH AIRLINES,SE,49,43,0,43
KL,KLM ROYAL DUTCH AIRLINES,SG,1556,1050,347,1397
KL,KLM ROYAL DUTCH AIRLINES,TH,466,316,130,446
KL,KLM ROYAL DUTCH AIRLINES,TR,187,144,29,173
KL,KLM ROYAL DUTCH AIRLINES,TW,475,414,10,424
KL,KLM ROYAL DUTCH AIRLINES,UA,22,16,3,19
KL,KLM ROYAL DUTCH AIRLINES,US,885,702,93,795
KL,KLM ROYAL DUTCH AIRLINES,VE,1,1,0,1
KL,KLM ROYAL DUTCH AIRLINES,VN,70,55,8,63
LH,LUFTHANSA,,45,0,0,0
LH,LUFTHANSA,AE,193,160,7,167
LH,LUFTHANSA,AR,8,6,1,7
LH,LUFTHANSA,AT,101,96,2,98
LH,LUFTHANSA,AU,340,306,16,322
LH,LUFTHANSA,AZ,33,28,0,28
LH,LUFTHANSA,BE,91,84,3,87
LH,LUFTHANSA,BH,7,2,2,4
LH,LUFTHANSA,BR,170,144,14,158
LH,LUFTHANSA,BY,10,9,0,9
LH,LUFTHANSA,CA,294,247,22,269
LH,LUFTHANSA,CH,89,81,4,85
LH,LUFTHANSA,CN,135,110,8,118
LH,LUFTHANSA,CO,52,49,1,50
LH,LUFTHANSA,CZ,4,1,0,1
LH,LUFTHANSA,DE,10051,9027,488,9515
LH,LUFTHANSA,DK,34,32,1,33
LH,LUFTHANSA,ES,1496,1308,69,1377
LH,LUFTHANSA,FI,9,9,0,9
LH,LUFTHANSA,FR,2593,2007,397,2404
LH,LUFTHANSA,GB,10599,9128,650,9778
LH,LUFTHANSA,GR,49,45,2,47
LH,LUFTHANSA,HK,3666,3368,87,3455
LH,LUFTHANSA,ID,154,143,4,147
LH,LUFTHANSA,IE,157,102,15,117
LH,LUFTHANSA,IL,55,48,3,51
LH,LUFTHANSA,IN,231,205,7,212
LH,LUFTHANSA,IT,1296,1109,93,1202
LH,LUFTHANSA,JP,1762,1503,162,1665
LH,LUFTHANSA,KR,2200,1895,238,2133
LH,LUFTHANSA,KW,5,5,0,5
LH,LUFTHANSA,KZ,45,40,2,42
LH,LUFTHANSA,MX,68,61,5,66
LH,LUFTHANSA,MY,248,220,7,227
LH,LUFTHANSA,NL,694,593,41,634
LH,LUFTHANSA,NZ,12,10,1,11
LH,LUFTHANSA,OM,4,4,0,4
LH,LUFTHANSA,PH,122,110,3,113
LH,LUFTHANSA,PK,19,14,0,14
LH,LUFTHANSA,PL,170,142,4,146
LH,LUFTHANSA,PT,137,114,6,120
LH,LUFTHANSA,QA,9,3,1,4
LH,LUFTHANSA,RU,1305,1160,49,1209
LH,LUFTHANSA,SA,163,141,6,147
LH,LUFTHANSA,SE,67,60,6,66
LH,LUFTHANSA,SG,988,904,41,945
LH,LUFTHANSA,TH,625,557,31,588
LH,LUFTHANSA,TR,218,192,9,201
LH,LUFTHANSA,TW,522,486,9,495
LH,LUFTHANSA,UA,32,25,0,25
LH,LUFTHANSA,US,2127,1876,126,2002
LH,LUFTHANSA,VN,115,103,4,107
LX,SWISS,,13,0,0,0
LX,SWISS,AE,102,88,4,92
LX,SWISS,AR,4,4,0,4
LX,SWISS,AT,38,38,0,38
LX,SWISS,AU,180,168,7,175
LX,SWISS,AZ,2,2,0,2
LX,SWISS,BE,56,51,2,53
LX,SWISS,BH,1,0,0,0
LX,SWISS,BR,194,163,6,169
LX,SWISS,BY,4,4,0,4
LX,SWISS,CA,105,90,9,99
LX,SWISS,CH,764,696,22,718
LX,SWISS,CN,51,42,3,45
LX,SWISS,CO,20,20,0,20
LX,SWISS,CZ,1,1,0,1
LX,SWISS,DE,1315,1185,70,1255
LX,SWISS,DK,11,11,0,11
LX,SWISS,ES,552,490,22,512
LX,SWISS,FR,1058,854,137,991
LX,SWISS,GB,4250,3723,262,3985
LX,SWISS,GR,23,20,0,20
LX,SWISS,HK,2723,2533,35,2568
LX,SWISS,ID,60,58,0,58
LX,SWISS,IE,25,16,4,20
LX,SWISS,IL,11,9,0,9
LX,SWISS,IN,123,106,5,111
LX,SWISS,IT,387,317,30,347
LX,SWISS,JP,615,571,11,582
LX,SWISS,KR,685,654,11,665
LX,SWISS,KZ,2,1,0,1
LX,SWISS,MX,25,23,1,24
LX,SWISS,MY,151,140,2,142
LX,SWISS,NL,255,225,8,233
LX,SWISS,NZ,9,7,2,9
LX,SWISS,OM,6,4,0,4
LX,SWISS,PH,59,54,1,55
LX,SWISS,PK,16,16,0,16
LX,SWISS,PL,47,43,1,44
LX,SWISS,PT,28,26,0,26
LX,SWISS,QA,11,8,0,8
LX,SWISS,RU,364,320,6,326
LX,SWISS,SA,37,30,1,31
LX,SWISS,SE,10,9,0,9
LX,SWISS,SG,522,493,8,501
LX,SWISS,TH,462,438,5,443
LX,SWISS,TR,30,26,0,26
LX,SWISS,TW,225,208,3,211
LX,SWISS,UA,6,5,0,5
LX,SWISS,US,672,588,29,617
LX,SWISS,VN,29,29,0,29
MH,MALAYSIA AIRLINES,,250,0,0,0
MH,MALAYSIA AIRLINES,AE,761,411,0,411
MH,MALAYSIA AIRLINES,AR,15,11,0,11
MH,MALAYSIA AIRLINES,AT,65,31,0,31
MH,MALAYSIA AIRLINES,AU,20522,15508,7,15515
MH,MALAYSIA AIRLINES,AZ,3,1,0,1
MH,MALAYSIA AIRLINES,BE,203,74,0,74
MH,MALAYSIA AIRLINES,BH,11,7,0,7
MH,MALAYSIA AIRLINES,BR,83,38,0,38
MH,MALAYSIA AIRLINES,BY,40,16,0,16
MH,MALAYSIA AIRLINES,CA,803,412,6,418
MH,MALAYSIA AIRLINES,CH,131,55,0,55
MH,MALAYSIA AIRLINES,CN,617,518,0,518
MH,MALAYSIA AIRLINES,CO,8,6,0,6
MH,MALAYSIA AIRLINES,CZ,4,3,0,3
MH,MALAYSIA AIRLINES,DE,2549,2185,2,2187
MH,MALAYSIA AIRLINES,DK,57,17,0,17
MH,MALAYSIA AIRLINES,ES,911,800,2,802
MH,MALAYSIA AIRLINES,FI,41,6,0,6
MH,MALAYSIA AIRLINES,FR,6039,5264,5,5269
MH,MALAYSIA AIRLINES,GB,34475,23796,8,23804
MH,MALAYSIA AIRLINES,GR,21,10,0,10
MH,MALAYSIA AIRLINES,HK,19053,11344,8,11352
MH,MALAYSIA AIRLINES,ID,21649,14139,2,14141
MH,MALAYSIA AIRLINES,IE,158,63,0,63
MH,MALAYSIA AIRLINES,IL,6,4,0,4
MH,MALAYSIA AIRLINES,IN,6811,4954,0,4954
MH,MALAYSIA AIRLINES,IT,626,560,0,560
MH,MALAYSIA AIRLINES,JP,8592,5868,1,5869
MH,MALAYSIA AIRLINES,KR,6508,5305,5,5310
MH,MALAYSIA AIRLINES,KW,17,8,0,8
MH,MALAYSIA AIRLINES,KZ,82,38,0,38
MH,MALAYSIA AIRLINES,MX,79,43,0,43
MH,MALAYSIA AIRLINES,MY,164540,81255,18,81273
MH,MALAYSIA AIRLINES,NL,1072,952,1,953
MH,MALAYSIA AIRLINES,NZ,928,692,2,694
MH,MALAYSIA AIRLINES,OM,41,14,0,14
MH,MALAYSIA AIRLINES,PE,1,0,0,0
MH,MALAYSIA AIRLINES,PH,3898,2184,0,2184
MH,MALAYSIA AIRLINES,PK,258,89,0,89
MH,MALAYSIA AIRLINES,PL,169,57,0,57
MH,MALAYSIA AIRLINES,PT,33,13,0,13
MH,MALAYSIA AIRLINES,QA,95,74,0,74
MH,MALAYSIA AIRLINES,RU,4491,1901,2,1903
MH,MALAYSIA AIRLINES,SA,928,490,0,490
MH,MALAYSIA AIRLINES,SE,62,28,0,28
MH,MALAYSIA AIRLINES,SG,18452,15604,0,15604
MH,MALAYSIA AIRLINES,TH,7798,3145,2,3147
MH,MALAYSIA AIRLINES,TR,482,201,0,201
MH,MALAYSIA AIRLINES,TW,3810,2241,0,2241
MH,MALAYSIA AIRLINES,UA,22,8,0,8
MH,MALAYSIA AIRLINES,US,6825,5627,3,5630
MH,MALAYSIA AIRLINES,VN,3317,1639,6,1645
MU,CHINA EASTERN AIRLINES,,222,0,0,0
MU,CHINA EASTERN AIRLINES,AE,1240,707,0,707
MU,CHINA EASTERN AIRLINES,AR,55,41,0,41
MU,CHINA EASTERN AIRLINES,AT,109,54,0,54
MU,CHINA EASTERN AIRLINES,AU,13178,11029,1,11030
MU,CHINA EASTERN AIRLINES,AZ,19,6,0,6
MU,CHINA EASTERN AIRLINES,BE,146,84,0,84
MU,CHINA EASTERN AIRLINES,BH,5,3,0,3
MU,CHINA EASTERN AIRLINES,BR,583,279,0,279
MU,CHINA EASTERN AIRLINES,BY,265,174,0,174
MU,CHINA EASTERN AIRLINES,CA,1722,1030,0,1030
MU,CHINA EASTERN AIRLINES,CH,389,272,0,272
MU,CHINA EASTERN AIRLINES,CN,407,0,0,0
MU,CHINA EASTERN AIRLINES,CO,68,49,0,49
MU,CHINA EASTERN AIRLINES,CZ,9,7,0,7
MU,CHINA EASTERN AIRLINES,DE,6858,4766,0,4766
MU,CHINA EASTERN AIRLINES,DK,137,91,0,91
MU,CHINA EASTERN AIRLINES,ES,5110,3922,0,3922
MU,CHINA EASTERN AIRLINES,FI,20,13,0,13
MU,CHINA EASTERN AIRLINES,FR,7404,5323,0,5323
MU,CHINA EASTERN AIRLINES,GB,50442,31014,11,31025
MU,CHINA EASTERN AIRLINES,GR,32,22,0,22
MU,CHINA EASTERN AIRLINES,HK,55618,33417,6,33423
MU,CHINA EASTERN AIRLINES,ID,6578,4764,0,4764
MU,CHINA EASTERN AIRLINES,IE,156,100,0,100
MU,CHINA EASTERN AIRLINES,IL,55,26,0,26
MU,CHINA EASTERN AIRLINES,IN,2394,994,0,994
MU,CHINA EASTERN AIRLINES,IT,3620,2769,0,2769
MU,CHINA EASTERN AIRLINES,JP,35251,22697,0,22697
MU,CHINA EASTERN AIRLINES,KR,71781,47933,1,47934
MU,CHINA EASTERN AIRLINES,KW,15,5,0,5
MU,CHINA EASTERN AIRLINES,KZ,438,217,0,217
MU,CHINA EASTERN AIRLINES,MX,232,117,0,117
MU,CHINA EASTERN AIRLINES,MY,21333,13337,1,13338
MU,CHINA EASTERN AIRLINES,NL,3617,2237,1,2238
MU,CHINA EASTERN AIRLINES,NZ,768,565,0,565
MU,CHINA EASTERN AIRLINES,OM,129,60,0,60
MU,CHINA EASTERN AIRLINES,PE,5,4,0,4
MU,CHINA EASTERN AIRLINES,PH,1551,964,0,964
MU,CHINA EASTERN AIRLINES,PK,125,59,0,59
MU,CHINA EASTERN AIRLINES,PL,205,123,0,123
MU,CHINA EASTERN AIRLINES,PT,51,29,0,29
MU,CHINA EASTERN AIRLINES,QA,19,8,0,8
MU,CHINA EASTERN AIRLINES,RU,47460,32251,0,32251
MU,CHINA EASTERN AIRLINES,SA,911,554,0,554
MU,CHINA EASTERN AIRLINES,SE,142,84,0,84
MU,CHINA EASTERN AIRLINES,SG,26814,18427,1,18428
MU,CHINA EASTERN AIRLINES,TH,37546,24343,0,24343
MU,CHINA EASTERN AIRLINES,TR,805,465,0,465
MU,CHINA EASTERN AIRLINES,TW,23589,14697,0,14697
MU,CHINA EASTERN AIRLINES,UA,75,43,0,43
MU,CHINA EASTERN AIRLINES,US,11228,6348,10,6358
MU,CHINA EASTERN AIRLINES,VE,1,1,0,1
MU,CHINA EASTERN AIRLINES,VN,10652,6539,0,6539
NH,ALL NIPPON AIRWAYS,,77,0,0,0
NH,ALL NIPPON AIRWAYS,AE,41,21,0,21
NH,ALL NIPPON AIRWAYS,AR,7,5,0,5
NH,ALL NIPPON AIRWAYS,AT,42,21,0,21
NH,ALL NIPPON AIRWAYS,AU,1675,883,3,886
NH,ALL NIPPON AIRWAYS,AZ,6,5,0,5
NH,ALL NIPPON AIRWAYS,BE,36,16,0,16
NH,ALL NIPPON AIRWAYS,BR,153,52,5,57
NH,ALL NIPPON AIRWAYS,BY,4,1,0,1
NH,ALL NIPPON AIRWAYS,CA,648,253,19,272
NH,ALL NIPPON AIRWAYS,CH,79,38,0,38
NH,ALL NIPPON AIRWAYS,CN,206,122,1,123
NH,ALL NIPPON AIRWAYS,CO,15,4,0,4
NH,ALL NIPPON AIRWAYS,CZ,3,1,0,1
NH,ALL NIPPON AIRWAYS,DE,1164,733,7,740
NH,ALL NIPPON AIRWAYS,DK,12,7,0,7
NH,ALL NIPPON AIRWAYS,ES,303,222,0,222
NH,ALL NIPPON AIRWAYS,FI,7,1,0,1
NH,ALL NIPPON AIRWAYS,FR,804,556,3,559
NH,ALL NIPPON AIRWAYS,GB,6173,2889,57,2946
NH,ALL NIPPON AIRWAYS,GR,5,2,0,2
NH,ALL NIPPON AIRWAYS,HK,13493,6920,87,7007
NH,ALL NIPPON AIRWAYS,ID,4221,1262,18,1280
NH,ALL NIPPON AIRWAYS,IE,22,9,0,9
NH,ALL NIPPON AIRWAYS,IL,55,28,1,29
NH,ALL NIPPON AIRWAYS,IN,240,137,0,137
NH,ALL NIPPON AIRWAYS,IT,307,193,2,195
NH,ALL NIPPON AIRWAYS,JP,17962,13395,205,13600
NH,ALL NIPPON AIRWAYS,KR,3762,1754,586,2340
NH,ALL NIPPON AIRWAYS,KW,1,0,0,0
NH,ALL NIPPON AIRWAYS,KZ,11,8,0,8
NH,ALL NIPPON AIRWAYS,MX,120,47,1,48
NH,ALL NIPPON AIRWAYS,MY,3716,1915,8,1923
NH,ALL NIPPON AIRWAYS,NL,293,196,0,196
NH,ALL NIPPON AIRWAYS,NZ,59,27,0,27
NH,ALL NIPPON AIRWAYS,OM,2,1,0,1
NH,ALL NIPPON AIRWAYS,PE,1,0,0,0
NH,ALL NIPPON AIRWAYS,PH,680,363,14,377
NH,ALL NIPPON AIRWAYS,PK,6,0,0,0
NH,ALL NIPPON AIRWAYS,PL,62,30,1,31
NH,ALL NIPPON AIRWAYS,PT,7,4,0,4
NH,ALL NIPPON AIRWAYS,QA,1,1,0,1
NH,ALL NIPPON AIRWAYS,RU,1553,516,7,523
NH,ALL NIPPON AIRWAYS,SA,28,14,0,14
NH,ALL NIPPON AIRWAYS,SE,21,5,0,5
NH,ALL NIPPON AIRWAYS,SG,5051,2537,24,2561
NH,ALL NIPPON AIRWAYS,TH,5230,3100,57,3157
NH,ALL NIPPON AIRWAYS,TR,153,88,0,88
NH,ALL NIPPON AIRWAYS,TW,3436,1548,21,1569
NH,ALL NIPPON AIRWAYS,UA,4,0,1,1
NH,ALL NIPPON AIRWAYS,US,2869,1974,59,2033
NH,ALL NIPPON AIRWAYS,VN,3852,1776,10,1786
OS,AUSTRIAN AIRLINES,,4,0,0,0
OS,AUSTRIAN AIRLINES,AE,92,75,2,77
OS,AUSTRIAN AIRLINES,AR,1,1,0,1
OS,AUSTRIAN AIRLINES,AT,274,231,11,242
OS,AUSTRIAN AIRLINES,AU,143,129,0,129
OS,AUSTRIAN AIRLINES,AZ,1,0,0,0
OS,AUSTRIAN AIRLINES,BE,42,29,2,31
OS,AUSTRIAN AIRLINES,BR,41,37,0,37
OS,AUSTRIAN AIRLINES,BY,5,5,0,5
OS,AUSTRIAN AIRLINES,CA,51,42,3,45
OS,AUSTRIAN AIRLINES,CH,25,18,3,21
OS,AUSTRIAN AIRLINES,CN,24,18,1,19
OS,AUSTRIAN AIRLINES,CO,3,3,0,3
OS,AUSTRIAN AIRLINES,CZ,2,2,0,2
OS,AUSTRIAN AIRLINES,DE,961,799,72,871
OS,AUSTRIAN AIRLINES,DK,9,9,0,9
OS,AUSTRIAN AIRLINES,ES,154,133,3,136
OS,AUSTRIAN AIRLINES,FR,486,401,47,448
OS,AUSTRIAN AIRLINES,GB,2085,1828,87,1915
OS,AUSTRIAN AIRLINES,GR,17,16,0,16
OS,AUSTRIAN AIRLINES,HK,559,513,3,516
OS,AUSTRIAN AIRLINES,ID,89,83,2,85
OS,AUSTRIAN AIRLINES,IE,4,3,0,3
OS,AUSTRIAN AIRLINES,IL,36,35,0,35
OS,AUSTRIAN AIRLINES,IN,32,31,0,31
OS,AUSTRIAN AIRLINES,IT,321,265,14,279
OS,AUSTRIAN AIRLINES,JP,523,490,6,496
OS,AUSTRIAN AIRLINES,KR,368,356,3,359
OS,AUSTRIAN AIRLINES,KZ,14,12,1,13
OS,AUSTRIAN AIRLINES,MX,11,11,0,11
OS,AUSTRIAN AIRLINES,MY,85,79,3,82
OS,AUSTRIAN AIRLINES,NL,198,168,5,173
OS,AUSTRIAN AIRLINES,NZ,5,5,0,5
OS,AUSTRIAN AIRLINES,OM,1,1,0,1
OS,AUSTRIAN AIRLINES,PH,42,35,1,36
OS,AUSTRIAN AIRLINES,PK,5,5,0,5
OS,AUSTRIAN AIRLINES,PL,33,27,1,28
OS,AUSTRIAN AIRLINES,PT,3,3,0,3
OS,AUSTRIAN AIRLINES,QA,4,2,1,3
OS,AUSTRIAN AIRLINES,RU,478,438,10,448
OS,AUSTRIAN AIRLINES,SA,46,38,1,39
OS,AUSTRIAN AIRLINES,SE,16,15,1,16
OS,AUSTRIAN AIRLINES,SG,135,128,2,130
OS,AUSTRIAN AIRLINES,TH,381,351,7,358
OS,AUSTRIAN AIRLINES,TR,58,56,1,57
OS,AUSTRIAN AIRLINES,TW,247,223,3,226
OS,AUSTRIAN AIRLINES,UA,19,13,0,13
OS,AUSTRIAN AIRLINES,US,363,317,9,326
OS,AUSTRIAN AIRLINES,VN,57,51,2,53
OZ,ASIANA AIRLINES,,73,0,1,1
OZ,ASIANA AIRLINES,AE,81,35,22,57
OZ,ASIANA AIRLINES,AR,5,1,0,1
OZ,ASIANA AIRLINES,AT,24,14,3,17
OZ,ASIANA AIRLINES,AU,1436,731,372,1103
OZ,ASIANA AIRLINES,AZ,2,1,0,1
OZ,ASIANA AIRLINES,BE,55,37,6,43
OZ,ASIANA AIRLINES,BH,3,1,1,2
OZ,ASIANA AIRLINES,BR,153,66,32,98
OZ,ASIANA AIRLINES,BY,12,5,2,7
OZ,ASIANA AIRLINES,CA,673,323,123,446
OZ,ASIANA AIRLINES,CH,40,18,8,26
OZ,ASIANA AIRLINES,CN,204,91,34,125
OZ,ASIANA AIRLINES,CO,16,11,1,12
OZ,ASIANA AIRLINES,CZ,5,2,2,4
OZ,ASIANA AIRLINES,DE,1096,699,207,906
OZ,ASIANA AIRLINES,DK,12,6,3,9
OZ,ASIANA AIRLINES,ES,392,275,55,330
OZ,ASIANA AIRLINES,FI,6,2,0,2
OZ,ASIANA AIRLINES,FR,946,611,156,767
OZ,ASIANA AIRLINES,GB,10095,5406,2433,7839
OZ,ASIANA AIRLINES,GR,9,4,3,7
OZ,ASIANA AIRLINES,HK,9430,3609,1406,5015
OZ,ASIANA AIRLINES,ID,2389,1330,633,1963
OZ,ASIANA AIRLINES,IE,28,10,6,16
OZ,ASIANA AIRLINES,IL,32,19,5,24
OZ,ASIANA AIRLINES,IN,103,46,25,71
OZ,ASIANA AIRLINES,IT,323,200,50,250
OZ,ASIANA AIRLINES,JP,49841,18134,15413,33547
OZ,ASIANA AIRLINES,KR,121841,49300,61455,110755
OZ,ASIANA AIRLINES,KW,3,1,0,1
OZ,ASIANA AIRLINES,KZ,155,96,31,127
OZ,ASIANA AIRLINES,MX,197,103,32,135
OZ,ASIANA AIRLINES,MY,395,204,58,262
OZ,ASIANA AIRLINES,NL,246,194,28,222
OZ,ASIANA AIRLINES,NZ,41,21,3,24
OZ,ASIANA AIRLINES,OM,2,0,1,1
OZ,ASIANA AIRLINES,PE,2,0,0,0
OZ,ASIANA AIRLINES,PH,1438,774,337,1111
OZ,ASIANA AIRLINES,PK,12,6,2,8
OZ,ASIANA AIRLINES,PL,49,24,13,37
OZ,ASIANA AIRLINES,PT,20,6,2,8
OZ,ASIANA AIRLINES,QA,3,1,0,1
OZ,ASIANA AIRLINES,RU,3565,1623,829,2452
OZ,ASIANA AIRLINES,SA,82,35,23,58
OZ,ASIANA AIRLINES,SE,15,5,5,10
OZ,ASIANA AIRLINES,SG,2943,1914,311,2225
OZ,ASIANA AIRLINES,TH,4327,2105,861,2966
OZ,ASIANA AIRLINES,TR,767,493,114,607
OZ,ASIANA AIRLINES,TW,6122,1973,508,2481
OZ,ASIANA AIRLINES,UA,10,8,0,8
OZ,ASIANA AIRLINES,US,6196,4477,983,5460
OZ,ASIANA AIRLINES,VN,4311,2757,846,3603
PR,PHILIPPINE AIRLINES,,100,2,0,2
PR,PHILIPPINE AIRLINES,AE,2845,2005,3,2008
PR,PHILIPPINE AIRLINES,AR,15,11,0,11
PR,PHILIPPINE AIRLINES,AT,170,101,0,101
PR,PHILIPPINE AIRLINES,AU,11450,8896,0,8896
PR,PHILIPPINE AIRLINES,AZ,3,2,0,2
PR,PHILIPPINE AIRLINES,BE,244,134,0,134
PR,PHILIPPINE AIRLINES,BH,22,13,0,13
PR,PHILIPPINE AIRLINES,BR,186,117,0,117
PR,PHILIPPINE AIRLINES,BY,23,12,0,12
PR,PHILIPPINE AIRLINES,CA,3886,2767,1,2768
PR,PHILIPPINE AIRLINES,CH,380,224,0,224
PR,PHILIPPINE AIRLINES,CN,467,411,0,411
PR,PHILIPPINE AIRLINES,CO,12,8,0,8
PR,PHILIPPINE AIRLINES,CZ,11,2,0,2
PR,PHILIPPINE AIRLINES,DE,4337,3891,0,3891
PR,PHILIPPINE AIRLINES,DK,144,85,0,85
PR,PHILIPPINE AIRLINES,ES,1295,1172,0,1172
PR,PHILIPPINE AIRLINES,FI,19,10,0,10
PR,PHILIPPINE AIRLINES,FR,3412,3000,0,3000
PR,PHILIPPINE AIRLINES,GB,35667,28050,7,28057
PR,PHILIPPINE AIRLINES,GR,46,18,0,18
PR,PHILIPPINE AIRLINES,HK,19587,11491,18,11509
PR,PHILIPPINE AIRLINES,ID,6569,5411,0,5411
PR,PHILIPPINE AIRLINES,IE,237,146,0,146
PR,PHILIPPINE AIRLINES,IL,635,441,0,441
PR,PHILIPPINE AIRLINES,IN,755,447,0,447
PR,PHILIPPINE AIRLINES,IT,1025,933,0,933
PR,PHILIPPINE AIRLINES,JP,22370,17877,0,17877
PR,PHILIPPINE AIRLINES,KR,17309,14312,0,14312
PR,PHILIPPINE AIRLINES,KW,124,60,0,60
PR,PHILIPPINE AIRLINES,KZ,50,28,0,28
PR,PHILIPPINE AIRLINES,MX,79,66,0,66
PR,PHILIPPINE AIRLINES,MY,8487,6901,0,6901
PR,PHILIPPINE AIRLINES,NL,1881,1713,3,1716
PR,PHILIPPINE AIRLINES,NZ,299,161,0,161
PR,PHILIPPINE AIRLINES,OM,54,27,0,27
PR,PHILIPPINE AIRLINES,PE,1,1,0,1
PR,PHILIPPINE AIRLINES,PH,141941,74026,9,74035
PR,PHILIPPINE AIRLINES,PK,39,21,0,21
PR,PHILIPPINE AIRLINES,PL,284,176,0,176
PR,PHILIPPINE AIRLINES,PT,40,24,0,24
PR,PHILIPPINE AIRLINES,QA,266,211,0,211
PR,PHILIPPINE AIRLINES,RU,3665,2408,0,2408
PR,PHILIPPINE AIRLINES,SA,3451,2112,1,2113
PR,PHILIPPINE AIRLINES,SE,142,88,0,88
PR,PHILIPPINE AIRLINES,SG,22707,17681,0,17681
PR,PHILIPPINE AIRLINES,TH,6136,4900,0,4900
PR,PHILIPPINE AIRLINES,TR,511,313,0,313
PR,PHILIPPINE AIRLINES,TW,4625,3416,0,3416
PR,PHILIPPINE AIRLINES,UA,9,8,0,8
PR,PHILIPPINE AIRLINES,US,21447,18755,8,18763
PR,PHILIPPINE AIRLINES,VE,1,1,0,1
PR,PHILIPPINE AIRLINES,VN,3291,2690,0,2690
QF,QANTAS AIRWAYS,,47,0,0,0
QF,QANTAS AIRWAYS,AE,74,40,1,41
QF,QANTAS AIRWAYS,AR,6,3,0,3
QF,QANTAS AIRWAYS,AT,14,7,0,7
QF,QANTAS AIRWAYS,AU,16103,11970,64,12034
QF,QANTAS AIRWAYS,AZ,3,1,0,1
QF,QANTAS AIRWAYS,BE,33,15,0,15
QF,QANTAS AIRWAYS,BR,34,13,1,14
QF,QANTAS AIRWAYS,CA,130,60,1,61
QF,QANTAS AIRWAYS,CH,48,19,0,19
QF,QANTAS AIRWAYS,CN,142,77,0,77
QF,QANTAS AIRWAYS,CO,7,5,0,5
QF,QANTAS AIRWAYS,DE,810,652,4,656
QF,QANTAS AIRWAYS,DK,17,3,0,3
QF,QANTAS AIRWAYS,ES,322,275,0,275
QF,QANTAS AIRWAYS,FI,3,1,0,1
QF,QANTAS AIRWAYS,FR,721,589,5,594
QF,QANTAS AIRWAYS,GB,5159,3327,21,3348
QF,QANTAS AIRWAYS,GR,6,3,0,3
QF,QANTAS AIRWAYS,HK,8426,3852,3,3855
QF,QANTAS AIRWAYS,ID,1863,1345,1,1346
QF,QANTAS AIRWAYS,IE,56,17,0,17
QF,QANTAS AIRWAYS,IL,10,3,0,3
QF,QANTAS AIRWAYS,IN,156,68,0,68
QF,QANTAS AIRWAYS,IT,188,165,0,165
QF,QANTAS AIRWAYS,JP,3731,1804,0,1804
QF,QANTAS AIRWAYS,KR,1487,1256,19,1275
QF,QANTAS AIRWAYS,KZ,1,1,0,1
QF,QANTAS AIRWAYS,MX,23,13,0,13
QF,QANTAS AIRWAYS,MY,947,445,0,445
QF,QANTAS AIRWAYS,NL,241,202,2,204
QF,QANTAS AIRWAYS,NZ,892,342,2,344
QF,QANTAS AIRWAYS,OM,1,1,0,1
QF,QANTAS AIRWAYS,PE,2,1,0,1
QF,QANTAS AIRWAYS,PH,627,332,0,332
QF,QANTAS AIRWAYS,PK,5,0,0,0
QF,QANTAS AIRWAYS,PL,18,9,0,9
QF,QANTAS AIRWAYS,PT,6,2,0,2
QF,QANTAS AIRWAYS,QA,1,0,0,0
QF,QANTAS AIRWAYS,RU,255,102,1,103
QF,QANTAS AIRWAYS,SA,45,26,0,26
QF,QANTAS AIRWAYS,SE,19,12,0,12
QF,QANTAS AIRWAYS,SG,2570,2240,1,2241
QF,QANTAS AIRWAYS,TH,1263,693,2,695
QF,QANTAS AIRWAYS,TR,23,8,0,8
QF,QANTAS AIRWAYS,TW,1148,402,0,402
QF,QANTAS AIRWAYS,UA,3,1,0,1
QF,QANTAS AIRWAYS,US,1023,876,6,882
QF,QANTAS AIRWAYS,VN,173,45,0,45
QR,QATAR AIRWAYS,,98,0,0,0
QR,QATAR AIRWAYS,AE,5504,3018,4,3022
QR,QATAR AIRWAYS,AR,16,8,0,8
QR,QATAR AIRWAYS,AT,80,60,0,60
QR,QATAR AIRWAYS,AU,3312,2473,5,2478
QR,QATAR AIRWAYS,AZ,15,12,0,12
QR,QATAR AIRWAYS,BE,220,155,0,155
QR,QATAR AIRWAYS,BH,44,21,0,21
QR,QATAR AIRWAYS,BR,688,463,0,463
QR,QATAR AIRWAYS,BY,42,27,0,27
QR,QATAR AIRWAYS,CA,1318,896,33,929
QR,QATAR AIRWAYS,CH,165,121,0,121
QR,QATAR AIRWAYS,CN,334,239,5,244
QR,QATAR AIRWAYS,CO,34,31,0,31
QR,QATAR AIRWAYS,CZ,15,8,0,8
QR,QATAR AIRWAYS,DE,7149,6214,1,6215
QR,QATAR AIRWAYS,DK,64,43,0,43
QR,QATAR AIRWAYS,ES,4181,3665,1,3666
QR,QATAR AIRWAYS,FI,21,12,0,12
QR,QATAR AIRWAYS,FR,9186,7983,6,7989
QR,QATAR AIRWAYS,GB,57584,46293,101,46394
QR,QATAR AIRWAYS,GR,47,36,0,36
QR,QATAR AIRWAYS,HK,11238,9068,30,9098
QR,QATAR AIRWAYS,ID,10727,7907,11,7918
QR,QATAR AIRWAYS,IE,353,259,0,259
QR,QATAR AIRWAYS,IL,43,26,0,26
QR,QATAR AIRWAYS,IN,1388,947,0,947
QR,QATAR AIRWAYS,IT,2287,1968,3,1971
QR,QATAR AIRWAYS,JP,3745,2736,12,2748
QR,QATAR AIRWAYS,KR,3404,3069,8,3077
QR,QATAR AIRWAYS,KW,63,29,0,29
QR,QATAR AIRWAYS,KZ,94,69,1,70
QR,QATAR AIRWAYS,MX,30,17,1,18
QR,QATAR AIRWAYS,MY,5668,4216,5,4221
QR,QATAR AIRWAYS,NL,1812,1579,9,1588
QR,QATAR AIRWAYS,NZ,106,76,0,76
QR,QATAR AIRWAYS,OM,229,128,0,128
QR,QATAR AIRWAYS,PE,4,1,0,1
QR,QATAR AIRWAYS,PH,1632,1101,16,1117
QR,QATAR AIRWAYS,PK,787,451,1,452
QR,QATAR AIRWAYS,PL,201,150,0,150
QR,QATAR AIRWAYS,PT,117,67,0,67
QR,QATAR AIRWAYS,QA,1088,584,1,585
QR,QATAR AIRWAYS,RU,11545,8066,15,8081
QR,QATAR AIRWAYS,SA,11307,6494,14,6508
QR,QATAR AIRWAYS,SE,86,53,0,53
QR,QATAR AIRWAYS,SG,3168,2330,11,2341
QR,QATAR AIRWAYS,TH,6795,4828,45,4873
QR,QATAR AIRWAYS,TR,1994,1564,1,1565
QR,QATAR AIRWAYS,TW,449,281,0,281
QR,QATAR AIRWAYS,UA,40,27,0,27
QR,QATAR AIRWAYS,US,6765,5724,172,5896
QR,QATAR AIRWAYS,VE,1,1,0,1
QR,QATAR AIRWAYS,VN,2836,2235,13,2248
SQ,SINGAPORE AIRLINES,,163,0,0,0
SQ,SINGAPORE AIRLINES,AE,709,367,0,367
SQ,SINGAPORE AIRLINES,AR,14,8,0,8
SQ,SINGAPORE AIRLINES,AT,24,16,0,16
SQ,SINGAPORE AIRLINES,AU,8919,5625,3,5628
SQ,SINGAPORE AIRLINES,AZ,5,5,0,5
SQ,SINGAPORE AIRLINES,BE,70,39,0,39
SQ,SINGAPORE AIRLINES,BH,1,1,0,1
SQ,SINGAPORE AIRLINES,BR,140,59,0,59
SQ,SINGAPORE AIRLINES,BY,14,3,0,3
SQ,SINGAPORE AIRLINES,CA,582,377,4,381
SQ,SINGAPORE AIRLINES,CH,78,55,0,55
SQ,SINGAPORE AIRLINES,CN,455,359,0,359
SQ,SINGAPORE AIRLINES,CO,24,14,0,14
SQ,SINGAPORE AIRLINES,CZ,1,1,0,1
SQ,SINGAPORE AIRLINES,DE,2796,2548,1,2549
SQ,SINGAPORE AIRLINES,DK,19,10,0,10
SQ,SINGAPORE AIRLINES,ES,320,294,0,294
SQ,SINGAPORE AIRLINES,FI,9,5,0,5
SQ,SINGAPORE AIRLINES,FR,1313,1210,0,1210
SQ,SINGAPORE AIRLINES,GB,20052,13944,7,13951
SQ,SINGAPORE AIRLINES,GR,11,6,0,6
SQ,SINGAPORE AIRLINES,HK,12088,5672,0,5672
SQ,SINGAPORE AIRLINES,ID,17727,10570,4,10574
SQ,SINGAPORE AIRLINES,IE,30,9,0,9
SQ,SINGAPORE AIRLINES,IL,22,12,0,12
SQ,SINGAPORE AIRLINES,IN,1588,916,1,917
SQ,SINGAPORE AIRLINES,IT,500,463,0,463
SQ,SINGAPORE AIRLINES,JP,11166,6831,0,6831
SQ,SINGAPORE AIRLINES,KR,3609,3282,2,3284
SQ,SINGAPORE AIRLINES,KZ,27,6,0,6
SQ,SINGAPORE AIRLINES,MX,357,295,0,295
SQ,SINGAPORE AIRLINES,MY,8592,4630,9,4639
SQ,SINGAPORE AIRLINES,NL,608,558,1,559
SQ,SINGAPORE AIRLINES,NZ,253,168,0,168
SQ,SINGAPORE AIRLINES,OM,11,2,0,2
SQ,SINGAPORE AIRLINES,PE,2,1,0,1
SQ,SINGAPORE AIRLINES,PH,1755,1043,0,1043
SQ,SINGAPORE AIRLINES,PK,13,4,0,4
SQ,SINGAPORE AIRLINES,PL,45,22,1,23
SQ,SINGAPORE AIRLINES,PT,9,6,0,6
SQ,SINGAPORE AIRLINES,QA,6,3,0,3
SQ,SINGAPORE AIRLINES,RU,1810,767,0,767
SQ,SINGAPORE AIRLINES,SA,175,127,0,127
SQ,SINGAPORE AIRLINES,SE,16,11,0,11
SQ,SINGAPORE AIRLINES,SG,80562,31795,23,31818
SQ,SINGAPORE AIRLINES,TH,3983,1841,2,1843
SQ,SINGAPORE AIRLINES,TR,310,185,0,185
SQ,SINGAPORE AIRLINES,TW,2451,1377,9,1386
SQ,SINGAPORE AIRLINES,UA,7,4,0,4
SQ,SINGAPORE AIRLINES,US,6848,6478,3,6481
SQ,SINGAPORE AIRLINES,VN,1452,424,3,427
TG,THAI AIRWAYS,,104,0,0,0
TG,THAI AIRWAYS,AE,951,767,1,768
TG,THAI AIRWAYS,AR,9,9,0,9
TG,THAI AIRWAYS,AT,131,99,0,99
TG,THAI AIRWAYS,AU,12380,10002,0,10002
TG,THAI AIRWAYS,AZ,12,9,0,9
TG,THAI AIRWAYS,BE,387,290,0,290
TG,THAI AIRWAYS,BH,23,21,0,21
TG,THAI AIRWAYS,BR,168,123,0,123
TG,THAI AIRWAYS,BY,18,9,0,9
TG,THAI AIRWAYS,CA,942,724,5,729
TG,THAI AIRWAYS,CH,441,349,0,349
TG,THAI AIRWAYS,CN,334,233,1,234
TG,THAI AIRWAYS,CO,13,11,0,11
TG,THAI AIRWAYS,CZ,4,1,0,1
TG,THAI AIRWAYS,DE,10302,9074,7,9081
TG,THAI AIRWAYS,DK,156,123,0,123
TG,THAI AIRWAYS,ES,551,491,0,491
TG,THAI AIRWAYS,FI,42,29,0,29
TG,THAI AIRWAYS,FR,4757,4137,1,4138
TG,THAI AIRWAYS,GB,39727,33537,38,33575
TG,THAI AIRWAYS,GR,11,8,0,8
TG,THAI AIRWAYS,HK,21684,15564,9,15573
TG,THAI AIRWAYS,ID,4634,3818,6,3824
TG,THAI AIRWAYS,IE,91,66,0,66
TG,THAI AIRWAYS,IL,338,261,0,261
TG,THAI AIRWAYS,IN,3492,2848,2,2850
TG,THAI AIRWAYS,IT,1876,1627,1,1628
TG,THAI AIRWAYS,JP,25782,21728,2,21730
TG,THAI AIRWAYS,KR,8351,7238,150,7388
TG,THAI AIRWAYS,KW,30,17,0,17
TG,THAI AIRWAYS,KZ,50,41,0,41
TG,THAI AIRWAYS,MX,75,53,0,53
TG,THAI AIRWAYS,MY,8558,6933,0,6933
TG,THAI AIRWAYS,NL,1975,1753,0,1753
TG,THAI AIRWAYS,NZ,175,132,0,132
TG,THAI AIRWAYS,OM,81,63,0,63
TG,THAI AIRWAYS,PE,2,2,0,2
TG,THAI AIRWAYS,PH,1773,1347,2,1349
TG,THAI AIRWAYS,PK,1149,900,0,900
TG,THAI AIRWAYS,PL,103,78,0,78
TG,THAI AIRWAYS,PT,23,18,0,18
TG,THAI AIRWAYS,QA,52,36,0,36
TG,THAI AIRWAYS,RU,3810,2807,1,2808
TG,THAI AIRWAYS,SA,701,467,1,468
TG,THAI AIRWAYS,SE,265,186,0,186
TG,THAI AIRWAYS,SG,14544,12937,1,12938
TG,THAI AIRWAYS,TH,157698,120714,218,120932
TG,THAI AIRWAYS,TR,1337,1078,1,1079
TG,THAI AIRWAYS,TW,11997,9740,1,9741
TG,THAI AIRWAYS,UA,21,14,0,14
TG,THAI AIRWAYS,US,8727,7460,14,7474
TG,THAI AIRWAYS,VN,2252,1862,0,1862
TK,TURKISH AIRLINES,,180,1,0,1
TK,TURKISH AIRLINES,AE,2443,1612,0,1612
TK,TURKISH AIRLINES,AR,69,33,0,33
TK,TURKISH AIRLINES,AT,416,221,0,221
TK,TURKISH AIRLINES,AU,2530,1447,0,1447
TK,TURKISH AIRLINES,AZ,103,38,0,38
TK,TURKISH AIRLINES,BE,601,290,0,290
TK,TURKISH AIRLINES,BH,27,11,0,11
TK,TURKISH AIRLINES,BR,789,452,0,452
TK,TURKISH AIRLINES,BY,71,37,0,37
TK,TURKISH AIRLINES,CA,1688,1018,6,1024
TK,TURKISH AIRLINES,CH,608,374,0,374
TK,TURKISH AIRLINES,CN,573,371,0,371
TK,TURKISH AIRLINES,CO,157,113,0,113
TK,TURKISH AIRLINES,CZ,21,11,0,11
TK,TURKISH AIRLINES,DE,29560,26201,0,26201
TK,TURKISH AIRLINES,DK,101,51,0,51
TK,TURKISH AIRLINES,ES,5515,5066,0,5066
TK,TURKISH AIRLINES,FI,63,35,0,35
TK,TURKISH AIRLINES,FR,13301,11787,2,11789
TK,TURKISH AIRLINES,GB,58155,46319,16,46335
TK,TURKISH AIRLINES,GR,211,112,0,112
TK,TURKISH AIRLINES,HK,8675,6274,0,6274
TK,TURKISH AIRLINES,ID,3180,2056,0,2056
TK,TURKISH AIRLINES,IE,388,249,0,249
TK,TURKISH AIRLINES,IL,142,79,0,79
TK,TURKISH AIRLINES,IN,923,405,0,405
TK,TURKISH AIRLINES,IT,5512,5053,1,5054
TK,TURKISH AIRLINES,JP,10753,6047,0,6047
TK,TURKISH AIRLINES,KR,3640,3356,4,3360
TK,TURKISH AIRLINES,KW,64,32,0,32
TK,TURKISH AIRLINES,KZ,410,244,0,244
TK,TURKISH AIRLINES,MX,177,82,0,82
TK,TURKISH AIRLINES,MY,3046,2270,0,2270
TK,TURKISH AIRLINES,NL,6498,5803,0,5803
TK,TURKISH AIRLINES,NZ,135,60,0,60
TK,TURKISH AIRLINES,OM,76,28,0,28
TK,TURKISH AIRLINES,PE,2,1,0,1
TK,TURKISH AIRLINES,PH,806,526,0,526
TK,TURKISH AIRLINES,PK,563,336,0,336
TK,TURKISH AIRLINES,PL,327,203,0,203
TK,TURKISH AIRLINES,PT,183,124,0,124
TK,TURKISH AIRLINES,QA,107,55,0,55
TK,TURKISH AIRLINES,RU,25126,13068,2,13070
TK,TURKISH AIRLINES,SA,5614,3846,0,3846
TK,TURKISH AIRLINES,SE,330,146,0,146
TK,TURKISH AIRLINES,SG,2928,2765,0,2765
TK,TURKISH AIRLINES,TH,3217,2240,0,2240
TK,TURKISH AIRLINES,TR,4140,2214,1,2215
TK,TURKISH AIRLINES,TW,2876,2165,0,2165
TK,TURKISH AIRLINES,UA,168,98,0,98
TK,TURKISH AIRLINES,US,9325,8318,2,8320
TK,TURKISH AIRLINES,VE,3,3,0,3
TK,TURKISH AIRLINES,VN,1288,977,0,977
UA,UNITED AIRLINES,,60,0,0,0
UA,UNITED AIRLINES,AE,120,54,45,99
UA,UNITED AIRLINES,AT,7,3,4,7
UA,UNITED AIRLINES,AU,1147,469,601,1070
UA,UNITED AIRLINES,AZ,3,1,2,3
UA,UNITED AIRLINES,BE,40,23,13,36
UA,UNITED AIRLINES,BR,148,78,48,126
UA,UNITED AIRLINES,BY,2,0,2,2
UA,UNITED AIRLINES,CA,1175,581,397,978
UA,UNITED AIRLINES,CH,24,10,11,21
UA,UNITED AIRLINES,CN,89,44,33,77
UA,UNITED AIRLINES,CO,3,2,1,3
UA,UNITED AIRLINES,DE,554,287,186,473
UA,UNITED AIRLINES,DK,1,1,0,1
UA,UNITED AIRLINES,ES,687,381,217,598
UA,UNITED AIRLINES,FI,1,1,0,1
UA,UNITED AIRLINES,FR,617,240,303,543
UA,UNITED AIRLINES,GB,6014,2556,2847,5403
UA,UNITED AIRLINES,GR,2,1,1,2
UA,UNITED AIRLINES,HK,11801,3586,6493,10079
UA,UNITED AIRLINES,ID,287,101,131,232
UA,UNITED AIRLINES,IE,24,12,9,21
UA,UNITED AIRLINES,IL,6,4,2,6
UA,UNITED AIRLINES,IN,295,100,156,256
UA,UNITED AIRLINES,IT,190,81,100,181
UA,UNITED AIRLINES,JP,8338,2599,4959,7558
UA,UNITED AIRLINES,KR,2415,527,1542,2069
UA,UNITED AIRLINES,KW,5,2,3,5
UA,UNITED AIRLINES,KZ,32,12,19,31
UA,UNITED AIRLINES,MX,230,144,62,206
UA,UNITED AIRLINES,MY,412,141,189,330
UA,UNITED AIRLINES,NL,184,81,81,162
UA,UNITED AIRLINES,NZ,44,12,23,35
UA,UNITED AIRLINES,OM,2,0,2,2
UA,UNITED AIRLINES,PE,1,0,1,1
UA,UNITED AIRLINES,PH,744,309,323,632
UA,UNITED AIRLINES,PK,25,8,13,21
UA,UNITED AIRLINES,PL,18,7,8,15
UA,UNITED AIRLINES,PT,5,5,0,5
UA,UNITED AIRLINES,QA,19,8,7,15
UA,UNITED AIRLINES,RU,734,270,376,646
UA,UNITED AIRLINES,SA,74,19,47,66
UA,UNITED AIRLINES,SE,3,1,2,3
UA,UNITED AIRLINES,SG,1243,601,498,1099
UA,UNITED AIRLINES,TH,2815,530,1919,2449
UA,UNITED AIRLINES,TR,47,17,22,39
UA,UNITED AIRLINES,TW,4476,842,3245,4087
UA,UNITED AIRLINES,UA,7,3,4,7
UA,UNITED AIRLINES,US,12250,3358,7499,10857
UA,UNITED AIRLINES,VN,445,107,211,318
VN,VIETNAM AIRLINES,,131,1,0,1
VN,VIETNAM AIRLINES,AE,528,115,1,116
VN,VIETNAM AIRLINES,AR,18,4,0,4
VN,VIETNAM AIRLINES,AT,124,29,0,29
VN,VIETNAM AIRLINES,AU,6427,2051,2,2053
VN,VIETNAM AIRLINES,AZ,10,2,0,2
VN,VIETNAM AIRLINES,BE,190,26,0,26
VN,VIETNAM AIRLINES,BH,2,0,0,0
VN,VIETNAM AIRLINES,BR,172,37,2,39
VN,VIETNAM AIRLINES,BY,70,11,0,11
VN,VIETNAM AIRLINES,CA,1474,215,0,215
VN,VIETNAM AIRLINES,CH,238,23,0,23
VN,VIETNAM AIRLINES,CN,221,154,3,157
VN,VIETNAM AIRLINES,CO,24,6,0,6
VN,VIETNAM AIRLINES,CZ,10,1,0,1
VN,VIETNAM AIRLINES,DE,5856,4936,9,4945
VN,VIETNAM AIRLINES,DK,110,26,0,26
VN,VIETNAM AIRLINES,ES,799,672,0,672
VN,VIETNAM AIRLINES,FI,68,6,0,6
VN,VIETNAM AIRLINES,FR,4550,3765,11,3776
VN,VIETNAM AIRLINES,GB,24473,12050,39,12089
VN,VIETNAM AIRLINES,GR,109,4,0,4
VN,VIETNAM AIRLINES,HK,10645,4431,23,4454
VN,VIETNAM AIRLINES,ID,5168,1810,15,1825
VN,VIETNAM AIRLINES,IE,351,29,1,30
VN,VIETNAM AIRLINES,IL,415,73,1,74
VN,VIETNAM AIRLINES,IN,2450,533,0,533
VN,VIETNAM AIRLINES,IT,1236,1093,0,1093
VN,VIETNAM AIRLINES,JP,24481,13216,24,13240
VN,VIETNAM AIRLINES,KR,29559,22641,1978,24619
VN,VIETNAM AIRLINES,KW,11,5,0,5
VN,VIETNAM AIRLINES,KZ,136,30,0,30
VN,VIETNAM AIRLINES,MX,100,22,0,22
VN,VIETNAM AIRLINES,MY,7888,3060,14,3074
VN,VIETNAM AIRLINES,NL,1389,1199,4,1203
VN,VIETNAM AIRLINES,NZ,260,44,0,44
VN,VIETNAM AIRLINES,OM,28,7,0,7
VN,VIETNAM AIRLINES,PE,1,0,0,0
VN,VIETNAM AIRLINES,PH,4338,1428,12,1440
VN,VIETNAM AIRLINES,PK,18,7,0,7
VN,VIETNAM AIRLINES,PL,542,35,0,35
VN,VIETNAM AIRLINES,PT,39,3,0,3
VN,VIETNAM AIRLINES,QA,21,2,0,2
VN,VIETNAM AIRLINES,RU,10479,1792,19,1811
VN,VIETNAM AIRLINES,SA,505,106,0,106
VN,VIETNAM AIRLINES,SE,112,11,2,13
VN,VIETNAM AIRLINES,SG,11430,2813,16,2829
VN,VIETNAM AIRLINES,TH,12215,5289,27,5316
VN,VIETNAM AIRLINES,TR,630,71,0,71
VN,VIETNAM AIRLINES,TW,13399,5654,70,5724
VN,VIETNAM AIRLINES,UA,37,8,0,8
VN,VIETNAM AIRLINES,US,6180,4964,20,4984
VN,VIETNAM AIRLINES,VE,1,0,0,0
VN,VIETNAM AIRLINES,VN,52393,21975,199,22174
VS,VIRGIN ATLANTIC,,17,0,0,0
VS,VIRGIN ATLANTIC,AE,32,18,10,28
VS,VIRGIN ATLANTIC,AR,1,1,0,1
VS,VIRGIN ATLANTIC,AT,3,1,2,3
VS,VIRGIN ATLANTIC,AU,75,31,24,55
VS,VIRGIN ATLANTIC,BE,3,2,1,3
VS,VIRGIN ATLANTIC,BR,15,5,4,9
VS,VIRGIN ATLANTIC,CA,104,48,37,85
VS,VIRGIN ATLANTIC,CH,2,1,1,2
VS,VIRGIN ATLANTIC,CN,46,19,17,36
VS,VIRGIN ATLANTIC,CO,5,0,3,3
VS,VIRGIN ATLANTIC,DE,86,42,37,79
VS,VIRGIN ATLANTIC,DK,3,0,2,2
VS,VIRGIN ATLANTIC,ES,94,48,38,86
VS,VIRGIN ATLANTIC,FR,125,68,49,117
VS,VIRGIN ATLANTIC,GB,9519,2543,5906,8449
VS,VIRGIN ATLANTIC,GR,8,2,6,8
VS,VIRGIN ATLANTIC,HK,196,84,74,158
VS,VIRGIN ATLANTIC,ID,11,6,5,11
VS,VIRGIN ATLANTIC,IE,18,9,4,13
VS,VIRGIN ATLANTIC,IL,24,13,5,18
VS,VIRGIN ATLANTIC,IN,165,57,69,126
VS,VIRGIN ATLANTIC,IT,26,13,8,21
VS,VIRGIN ATLANTIC,JP,141,56,47,103
VS,VIRGIN ATLANTIC,KR,788,644,100,744
VS,VIRGIN ATLANTIC,MX,11,4,6,10
VS,VIRGIN ATLANTIC,MY,20,13,3,16
VS,VIRGIN ATLANTIC,NL,82,40,40,80
VS,VIRGIN ATLANTIC,NZ,22,12,7,19
VS,VIRGIN ATLANTIC,OM,2,1,1,2
VS,VIRGIN ATLANTIC,PE,2,1,1,2
VS,VIRGIN ATLANTIC,PH,13,8,2,10
VS,VIRGIN ATLANTIC,PK,5,4,1,5
VS,VIRGIN ATLANTIC,PL,8,3,4,7
VS,VIRGIN ATLANTIC,PT,7,3,1,4
VS,VIRGIN ATLANTIC,QA,1,0,1,1
VS,VIRGIN ATLANTIC,RU,31,11,12,23
VS,VIRGIN ATLANTIC,SA,47,14,23,37
VS,VIRGIN ATLANTIC,SE,3,0,2,2
VS,VIRGIN ATLANTIC,SG,36,19,12,31
VS,VIRGIN ATLANTIC,TH,45,26,8,34
VS,VIRGIN ATLANTIC,TR,5,1,3,4
VS,VIRGIN ATLANTIC,TW,34,16,9,25
VS,VIRGIN ATLANTIC,UA,2,1,1,2
VS,VIRGIN ATLANTIC,US,704,348,249,597
VS,VIRGIN ATLANTIC,VN,9,4,3,7
